GEO,Business_characteristics,Business_information,Expected_change,VALUE,Quarter
Canada,"North American Industry Classification System (NAICS), all industries",Employment,increase,11.1,Q1 2024
Canada,"North American Industry Classification System (NAICS), all industries",Employment,stay about the same,82.9,Q1 2024
Canada,"North American Industry Classification System (NAICS), all industries",Employment,decrease,6,Q1 2024
Canada,"North American Industry Classification System (NAICS), all industries",Sales,increase,17.8,Q1 2024
Canada,"North American Industry Classification System (NAICS), all industries",Sales,stay about the same,63.1,Q1 2024
Canada,"North American Industry Classification System (NAICS), all industries",Sales,decrease,15.3,Q1 2024
Canada,"North American Industry Classification System (NAICS), all industries",Profitability,increase,11.2,Q1 2024
Canada,"North American Industry Classification System (NAICS), all industries",Profitability,stay about the same,54.4,Q1 2024
Canada,"North American Industry Classification System (NAICS), all industries",Profitability,decrease,31.8,Q1 2024
Canada,"North American Industry Classification System (NAICS), all industries",Investment,increase,17.6,Q1 2024
Canada,"North American Industry Classification System (NAICS), all industries",Investment,stay about the same,57,Q1 2024
Canada,"North American Industry Classification System (NAICS), all industries",Investment,decrease,9.3,Q1 2024
Canada,"Agriculture, forestry, fishing and hunting",Employment,increase,10,Q1 2024
Canada,"Agriculture, forestry, fishing and hunting",Employment,stay about the same,83.1,Q1 2024
Canada,"Agriculture, forestry, fishing and hunting",Employment,decrease,6.8,Q1 2024
Canada,"Agriculture, forestry, fishing and hunting",Sales,increase,9.5,Q1 2024
Canada,"Agriculture, forestry, fishing and hunting",Sales,stay about the same,71.9,Q1 2024
Canada,"Agriculture, forestry, fishing and hunting",Sales,decrease,18.4,Q1 2024
Canada,"Agriculture, forestry, fishing and hunting",Profitability,increase,9.5,Q1 2024
Canada,"Agriculture, forestry, fishing and hunting",Profitability,stay about the same,52.3,Q1 2024
Canada,"Agriculture, forestry, fishing and hunting",Profitability,decrease,38.1,Q1 2024
Canada,"Agriculture, forestry, fishing and hunting",Investment,increase,25.1,Q1 2024
Canada,"Agriculture, forestry, fishing and hunting",Investment,stay about the same,54.6,Q1 2024
Canada,"Agriculture, forestry, fishing and hunting",Investment,decrease,12.2,Q1 2024
Canada,"Mining, quarrying, and oil and gas extraction",Employment,increase,12.1,Q1 2024
Canada,"Mining, quarrying, and oil and gas extraction",Employment,stay about the same,81.2,Q1 2024
Canada,"Mining, quarrying, and oil and gas extraction",Employment,decrease,6.7,Q1 2024
Canada,"Mining, quarrying, and oil and gas extraction",Sales,increase,13.7,Q1 2024
Canada,"Mining, quarrying, and oil and gas extraction",Sales,stay about the same,71.7,Q1 2024
Canada,"Mining, quarrying, and oil and gas extraction",Sales,decrease,14.5,Q1 2024
Canada,"Mining, quarrying, and oil and gas extraction",Profitability,increase,10.6,Q1 2024
Canada,"Mining, quarrying, and oil and gas extraction",Profitability,stay about the same,55.6,Q1 2024
Canada,"Mining, quarrying, and oil and gas extraction",Profitability,decrease,33.8,Q1 2024
Canada,"Mining, quarrying, and oil and gas extraction",Investment,increase,13.9,Q1 2024
Canada,"Mining, quarrying, and oil and gas extraction",Investment,stay about the same,58,Q1 2024
Canada,"Mining, quarrying, and oil and gas extraction",Investment,decrease,16.5,Q1 2024
Canada,Construction,Employment,increase,11.4,Q1 2024
Canada,Construction,Employment,stay about the same,81.6,Q1 2024
Canada,Construction,Employment,decrease,7.1,Q1 2024
Canada,Construction,Sales,increase,21,Q1 2024
Canada,Construction,Sales,stay about the same,62,Q1 2024
Canada,Construction,Sales,decrease,16.9,Q1 2024
Canada,Construction,Profitability,increase,11.3,Q1 2024
Canada,Construction,Profitability,stay about the same,55,Q1 2024
Canada,Construction,Profitability,decrease,33.7,Q1 2024
Canada,Construction,Investment,increase,15.2,Q1 2024
Canada,Construction,Investment,stay about the same,56.7,Q1 2024
Canada,Construction,Investment,decrease,11.4,Q1 2024
Canada,Manufacturing,Employment,increase,11.9,Q1 2024
Canada,Manufacturing,Employment,stay about the same,83.3,Q1 2024
Canada,Manufacturing,Employment,decrease,4.8,Q1 2024
Canada,Manufacturing,Sales,increase,28.6,Q1 2024
Canada,Manufacturing,Sales,stay about the same,57.4,Q1 2024
Canada,Manufacturing,Sales,decrease,14,Q1 2024
Canada,Manufacturing,Profitability,increase,23.7,Q1 2024
Canada,Manufacturing,Profitability,stay about the same,50.1,Q1 2024
Canada,Manufacturing,Profitability,decrease,26.1,Q1 2024
Canada,Manufacturing,Investment,increase,20.4,Q1 2024
Canada,Manufacturing,Investment,stay about the same,50.9,Q1 2024
Canada,Manufacturing,Investment,decrease,20.9,Q1 2024
Canada,Wholesale trade,Employment,increase,11.2,Q1 2024
Canada,Wholesale trade,Employment,stay about the same,82.4,Q1 2024
Canada,Wholesale trade,Employment,decrease,6.4,Q1 2024
Canada,Wholesale trade,Sales,increase,22.9,Q1 2024
Canada,Wholesale trade,Sales,stay about the same,63.9,Q1 2024
Canada,Wholesale trade,Sales,decrease,13.2,Q1 2024
Canada,Wholesale trade,Profitability,increase,14.8,Q1 2024
Canada,Wholesale trade,Profitability,stay about the same,57,Q1 2024
Canada,Wholesale trade,Profitability,decrease,28.2,Q1 2024
Canada,Wholesale trade,Investment,increase,16.1,Q1 2024
Canada,Wholesale trade,Investment,stay about the same,55,Q1 2024
Canada,Wholesale trade,Investment,decrease,10.2,Q1 2024
Canada,Retail trade,Employment,increase,10,Q1 2024
Canada,Retail trade,Employment,stay about the same,82.1,Q1 2024
Canada,Retail trade,Employment,decrease,7.9,Q1 2024
Canada,Retail trade,Sales,increase,19,Q1 2024
Canada,Retail trade,Sales,stay about the same,61.5,Q1 2024
Canada,Retail trade,Sales,decrease,19.5,Q1 2024
Canada,Retail trade,Profitability,increase,9.8,Q1 2024
Canada,Retail trade,Profitability,stay about the same,54.7,Q1 2024
Canada,Retail trade,Profitability,decrease,35.4,Q1 2024
Canada,Retail trade,Investment,increase,20.6,Q1 2024
Canada,Retail trade,Investment,stay about the same,56.7,Q1 2024
Canada,Retail trade,Investment,decrease,7.5,Q1 2024
Canada,Transportation and warehousing,Employment,increase,8.6,Q1 2024
Canada,Transportation and warehousing,Employment,stay about the same,78.5,Q1 2024
Canada,Transportation and warehousing,Employment,decrease,12.9,Q1 2024
Canada,Transportation and warehousing,Sales,increase,13,Q1 2024
Canada,Transportation and warehousing,Sales,stay about the same,61.3,Q1 2024
Canada,Transportation and warehousing,Sales,decrease,25.5,Q1 2024
Canada,Transportation and warehousing,Profitability,increase,9.2,Q1 2024
Canada,Transportation and warehousing,Profitability,stay about the same,42.4,Q1 2024
Canada,Transportation and warehousing,Profitability,decrease,48,Q1 2024
Canada,Transportation and warehousing,Investment,increase,20.3,Q1 2024
Canada,Transportation and warehousing,Investment,stay about the same,51,Q1 2024
Canada,Transportation and warehousing,Investment,decrease,11.7,Q1 2024
Canada,Finance and insurance,Employment,increase,15,Q1 2024
Canada,Finance and insurance,Employment,stay about the same,82,Q1 2024
Canada,Finance and insurance,Employment,decrease,3,Q1 2024
Canada,Finance and insurance,Sales,increase,28.7,Q1 2024
Canada,Finance and insurance,Sales,stay about the same,63.6,Q1 2024
Canada,Finance and insurance,Sales,decrease,7.1,Q1 2024
Canada,Finance and insurance,Profitability,increase,17,Q1 2024
Canada,Finance and insurance,Profitability,stay about the same,55,Q1 2024
Canada,Finance and insurance,Profitability,decrease,27.5,Q1 2024
Canada,Finance and insurance,Investment,increase,9.6,Q1 2024
Canada,Finance and insurance,Investment,stay about the same,56.3,Q1 2024
Canada,Finance and insurance,Investment,decrease,5.8,Q1 2024
Canada,Real estate and rental and leasing,Employment,increase,4.2,Q1 2024
Canada,Real estate and rental and leasing,Employment,stay about the same,93.5,Q1 2024
Canada,Real estate and rental and leasing,Employment,decrease,2.4,Q1 2024
Canada,Real estate and rental and leasing,Sales,increase,13.3,Q1 2024
Canada,Real estate and rental and leasing,Sales,stay about the same,65.5,Q1 2024
Canada,Real estate and rental and leasing,Sales,decrease,18.2,Q1 2024
Canada,Real estate and rental and leasing,Profitability,increase,7.7,Q1 2024
Canada,Real estate and rental and leasing,Profitability,stay about the same,61.2,Q1 2024
Canada,Real estate and rental and leasing,Profitability,decrease,30.2,Q1 2024
Canada,Real estate and rental and leasing,Investment,increase,12.4,Q1 2024
Canada,Real estate and rental and leasing,Investment,stay about the same,58.1,Q1 2024
Canada,Real estate and rental and leasing,Investment,decrease,11,Q1 2024
Canada,"Professional, scientific and technical services",Employment,increase,12.2,Q1 2024
Canada,"Professional, scientific and technical services",Employment,stay about the same,84.6,Q1 2024
Canada,"Professional, scientific and technical services",Employment,decrease,3.2,Q1 2024
Canada,"Professional, scientific and technical services",Sales,increase,17.1,Q1 2024
Canada,"Professional, scientific and technical services",Sales,stay about the same,70.9,Q1 2024
Canada,"Professional, scientific and technical services",Sales,decrease,11.5,Q1 2024
Canada,"Professional, scientific and technical services",Profitability,increase,11.1,Q1 2024
Canada,"Professional, scientific and technical services",Profitability,stay about the same,65,Q1 2024
Canada,"Professional, scientific and technical services",Profitability,decrease,23.3,Q1 2024
Canada,"Professional, scientific and technical services",Investment,increase,10.4,Q1 2024
Canada,"Professional, scientific and technical services",Investment,stay about the same,62.9,Q1 2024
Canada,"Professional, scientific and technical services",Investment,decrease,10.1,Q1 2024
Canada,Health care and social assistance,Employment,increase,7.4,Q1 2024
Canada,Health care and social assistance,Employment,stay about the same,90.3,Q1 2024
Canada,Health care and social assistance,Employment,decrease,2.3,Q1 2024
Canada,Health care and social assistance,Sales,increase,10.9,Q1 2024
Canada,Health care and social assistance,Sales,stay about the same,72.9,Q1 2024
Canada,Health care and social assistance,Sales,decrease,6,Q1 2024
Canada,Health care and social assistance,Profitability,increase,5.4,Q1 2024
Canada,Health care and social assistance,Profitability,stay about the same,60.4,Q1 2024
Canada,Health care and social assistance,Profitability,decrease,26.2,Q1 2024
Canada,Health care and social assistance,Investment,increase,19.8,Q1 2024
Canada,Health care and social assistance,Investment,stay about the same,59.1,Q1 2024
Canada,Health care and social assistance,Investment,decrease,3.4,Q1 2024
Canada,"Arts, entertainment and recreation",Employment,increase,13.8,Q1 2024
Canada,"Arts, entertainment and recreation",Employment,stay about the same,82.4,Q1 2024
Canada,"Arts, entertainment and recreation",Employment,decrease,3.9,Q1 2024
Canada,"Arts, entertainment and recreation",Sales,increase,18.1,Q1 2024
Canada,"Arts, entertainment and recreation",Sales,stay about the same,64.4,Q1 2024
Canada,"Arts, entertainment and recreation",Sales,decrease,8.3,Q1 2024
Canada,"Arts, entertainment and recreation",Profitability,increase,16,Q1 2024
Canada,"Arts, entertainment and recreation",Profitability,stay about the same,54.2,Q1 2024
Canada,"Arts, entertainment and recreation",Profitability,decrease,20.9,Q1 2024
Canada,"Arts, entertainment and recreation",Investment,increase,15.1,Q1 2024
Canada,"Arts, entertainment and recreation",Investment,stay about the same,61,Q1 2024
Canada,"Arts, entertainment and recreation",Investment,decrease,6.3,Q1 2024
Canada,Accommodation and food services,Employment,increase,13.4,Q1 2024
Canada,Accommodation and food services,Employment,stay about the same,73,Q1 2024
Canada,Accommodation and food services,Employment,decrease,13.6,Q1 2024
Canada,Accommodation and food services,Sales,increase,19.9,Q1 2024
Canada,Accommodation and food services,Sales,stay about the same,51.1,Q1 2024
Canada,Accommodation and food services,Sales,decrease,28.9,Q1 2024
Canada,Accommodation and food services,Profitability,increase,13.2,Q1 2024
Canada,Accommodation and food services,Profitability,stay about the same,29.2,Q1 2024
Canada,Accommodation and food services,Profitability,decrease,57.4,Q1 2024
Canada,Accommodation and food services,Investment,increase,33,Q1 2024
Canada,Accommodation and food services,Investment,stay about the same,49.4,Q1 2024
Canada,Accommodation and food services,Investment,decrease,10,Q1 2024
Newfoundland and Labrador,"North American Industry Classification System (NAICS), all industries",Employment,increase,11.3,Q1 2024
Newfoundland and Labrador,"North American Industry Classification System (NAICS), all industries",Employment,stay about the same,83.8,Q1 2024
Newfoundland and Labrador,"North American Industry Classification System (NAICS), all industries",Employment,decrease,4.8,Q1 2024
Newfoundland and Labrador,"North American Industry Classification System (NAICS), all industries",Sales,increase,15.9,Q1 2024
Newfoundland and Labrador,"North American Industry Classification System (NAICS), all industries",Sales,stay about the same,70,Q1 2024
Newfoundland and Labrador,"North American Industry Classification System (NAICS), all industries",Sales,decrease,11.4,Q1 2024
Newfoundland and Labrador,"North American Industry Classification System (NAICS), all industries",Profitability,increase,9.5,Q1 2024
Newfoundland and Labrador,"North American Industry Classification System (NAICS), all industries",Profitability,stay about the same,63.6,Q1 2024
Newfoundland and Labrador,"North American Industry Classification System (NAICS), all industries",Profitability,decrease,24.5,Q1 2024
Newfoundland and Labrador,"North American Industry Classification System (NAICS), all industries",Investment,increase,14.8,Q1 2024
Newfoundland and Labrador,"North American Industry Classification System (NAICS), all industries",Investment,stay about the same,64.1,Q1 2024
Newfoundland and Labrador,"North American Industry Classification System (NAICS), all industries",Investment,decrease,4.6,Q1 2024
Newfoundland and Labrador,"Agriculture, forestry, fishing and hunting",Employment,increase,21.2,Q1 2024
Newfoundland and Labrador,"Agriculture, forestry, fishing and hunting",Employment,stay about the same,71.2,Q1 2024
Newfoundland and Labrador,"Agriculture, forestry, fishing and hunting",Employment,decrease,7.5,Q1 2024
Newfoundland and Labrador,"Agriculture, forestry, fishing and hunting",Sales,increase,19.5,Q1 2024
Newfoundland and Labrador,"Agriculture, forestry, fishing and hunting",Sales,stay about the same,57.2,Q1 2024
Newfoundland and Labrador,"Agriculture, forestry, fishing and hunting",Sales,decrease,23.4,Q1 2024
Newfoundland and Labrador,"Agriculture, forestry, fishing and hunting",Profitability,increase,4.8,Q1 2024
Newfoundland and Labrador,"Agriculture, forestry, fishing and hunting",Profitability,stay about the same,50,Q1 2024
Newfoundland and Labrador,"Agriculture, forestry, fishing and hunting",Profitability,decrease,40.3,Q1 2024
Newfoundland and Labrador,"Agriculture, forestry, fishing and hunting",Investment,increase,23.4,Q1 2024
Newfoundland and Labrador,"Agriculture, forestry, fishing and hunting",Investment,stay about the same,56.3,Q1 2024
Newfoundland and Labrador,"Agriculture, forestry, fishing and hunting",Investment,decrease,3.5,Q1 2024
Newfoundland and Labrador,"Mining, quarrying, and oil and gas extraction",Employment,increase,17,Q1 2024
Newfoundland and Labrador,"Mining, quarrying, and oil and gas extraction",Employment,stay about the same,81.6,Q1 2024
Newfoundland and Labrador,"Mining, quarrying, and oil and gas extraction",Employment,decrease,1.3,Q1 2024
Newfoundland and Labrador,"Mining, quarrying, and oil and gas extraction",Sales,increase,24,Q1 2024
Newfoundland and Labrador,"Mining, quarrying, and oil and gas extraction",Sales,stay about the same,62.5,Q1 2024
Newfoundland and Labrador,"Mining, quarrying, and oil and gas extraction",Sales,decrease,13.5,Q1 2024
Newfoundland and Labrador,"Mining, quarrying, and oil and gas extraction",Profitability,increase,22,Q1 2024
Newfoundland and Labrador,"Mining, quarrying, and oil and gas extraction",Profitability,stay about the same,49.3,Q1 2024
Newfoundland and Labrador,"Mining, quarrying, and oil and gas extraction",Profitability,decrease,28.7,Q1 2024
Newfoundland and Labrador,"Mining, quarrying, and oil and gas extraction",Investment,increase,10.5,Q1 2024
Newfoundland and Labrador,"Mining, quarrying, and oil and gas extraction",Investment,stay about the same,73.1,Q1 2024
Newfoundland and Labrador,"Mining, quarrying, and oil and gas extraction",Investment,decrease,2,Q1 2024
Newfoundland and Labrador,Construction,Employment,increase,19.7,Q1 2024
Newfoundland and Labrador,Construction,Employment,stay about the same,74.6,Q1 2024
Newfoundland and Labrador,Construction,Employment,decrease,5.7,Q1 2024
Newfoundland and Labrador,Construction,Sales,increase,13,Q1 2024
Newfoundland and Labrador,Construction,Sales,stay about the same,75.8,Q1 2024
Newfoundland and Labrador,Construction,Sales,decrease,11.2,Q1 2024
Newfoundland and Labrador,Construction,Profitability,increase,11.4,Q1 2024
Newfoundland and Labrador,Construction,Profitability,stay about the same,71.7,Q1 2024
Newfoundland and Labrador,Construction,Profitability,decrease,16.8,Q1 2024
Newfoundland and Labrador,Construction,Investment,increase,8.1,Q1 2024
Newfoundland and Labrador,Construction,Investment,stay about the same,78.9,Q1 2024
Newfoundland and Labrador,Construction,Investment,decrease,7.8,Q1 2024
Newfoundland and Labrador,Manufacturing,Employment,increase,7,Q1 2024
Newfoundland and Labrador,Manufacturing,Employment,stay about the same,82.1,Q1 2024
Newfoundland and Labrador,Manufacturing,Employment,decrease,10.9,Q1 2024
Newfoundland and Labrador,Manufacturing,Sales,increase,21.3,Q1 2024
Newfoundland and Labrador,Manufacturing,Sales,stay about the same,52,Q1 2024
Newfoundland and Labrador,Manufacturing,Sales,decrease,26.7,Q1 2024
Newfoundland and Labrador,Manufacturing,Profitability,increase,22.2,Q1 2024
Newfoundland and Labrador,Manufacturing,Profitability,stay about the same,50.2,Q1 2024
Newfoundland and Labrador,Manufacturing,Profitability,decrease,27.6,Q1 2024
Newfoundland and Labrador,Manufacturing,Investment,increase,24.8,Q1 2024
Newfoundland and Labrador,Manufacturing,Investment,stay about the same,52,Q1 2024
Newfoundland and Labrador,Manufacturing,Investment,decrease,3.3,Q1 2024
Newfoundland and Labrador,Wholesale trade,Employment,increase,8.9,Q1 2024
Newfoundland and Labrador,Wholesale trade,Employment,stay about the same,78.7,Q1 2024
Newfoundland and Labrador,Wholesale trade,Employment,decrease,12.4,Q1 2024
Newfoundland and Labrador,Wholesale trade,Sales,increase,30.3,Q1 2024
Newfoundland and Labrador,Wholesale trade,Sales,stay about the same,63.7,Q1 2024
Newfoundland and Labrador,Wholesale trade,Sales,decrease,6,Q1 2024
Newfoundland and Labrador,Wholesale trade,Profitability,increase,9.9,Q1 2024
Newfoundland and Labrador,Wholesale trade,Profitability,stay about the same,74.7,Q1 2024
Newfoundland and Labrador,Wholesale trade,Profitability,decrease,15.5,Q1 2024
Newfoundland and Labrador,Wholesale trade,Investment,increase,21.9,Q1 2024
Newfoundland and Labrador,Wholesale trade,Investment,stay about the same,60.9,Q1 2024
Newfoundland and Labrador,Wholesale trade,Investment,decrease,12.3,Q1 2024
Newfoundland and Labrador,Retail trade,Employment,increase,10.2,Q1 2024
Newfoundland and Labrador,Retail trade,Employment,stay about the same,83.6,Q1 2024
Newfoundland and Labrador,Retail trade,Employment,decrease,6.1,Q1 2024
Newfoundland and Labrador,Retail trade,Sales,increase,18.8,Q1 2024
Newfoundland and Labrador,Retail trade,Sales,stay about the same,62.3,Q1 2024
Newfoundland and Labrador,Retail trade,Sales,decrease,18.9,Q1 2024
Newfoundland and Labrador,Retail trade,Profitability,increase,4,Q1 2024
Newfoundland and Labrador,Retail trade,Profitability,stay about the same,66.1,Q1 2024
Newfoundland and Labrador,Retail trade,Profitability,decrease,29.9,Q1 2024
Newfoundland and Labrador,Retail trade,Investment,increase,20,Q1 2024
Newfoundland and Labrador,Retail trade,Investment,stay about the same,58.3,Q1 2024
Newfoundland and Labrador,Retail trade,Investment,decrease,0,Q1 2024
Newfoundland and Labrador,Transportation and warehousing,Employment,increase,4.8,Q1 2024
Newfoundland and Labrador,Transportation and warehousing,Employment,stay about the same,93.1,Q1 2024
Newfoundland and Labrador,Transportation and warehousing,Employment,decrease,2,Q1 2024
Newfoundland and Labrador,Transportation and warehousing,Sales,increase,7.4,Q1 2024
Newfoundland and Labrador,Transportation and warehousing,Sales,stay about the same,80.7,Q1 2024
Newfoundland and Labrador,Transportation and warehousing,Sales,decrease,7.8,Q1 2024
Newfoundland and Labrador,Transportation and warehousing,Profitability,increase,1.9,Q1 2024
Newfoundland and Labrador,Transportation and warehousing,Profitability,stay about the same,60.7,Q1 2024
Newfoundland and Labrador,Transportation and warehousing,Profitability,decrease,37.5,Q1 2024
Newfoundland and Labrador,Transportation and warehousing,Investment,increase,19.1,Q1 2024
Newfoundland and Labrador,Transportation and warehousing,Investment,stay about the same,64.5,Q1 2024
Newfoundland and Labrador,Transportation and warehousing,Investment,decrease,1.7,Q1 2024
Newfoundland and Labrador,Finance and insurance,Employment,increase,11.8,Q1 2024
Newfoundland and Labrador,Finance and insurance,Employment,stay about the same,88.2,Q1 2024
Newfoundland and Labrador,Finance and insurance,Employment,decrease,0,Q1 2024
Newfoundland and Labrador,Finance and insurance,Sales,increase,27,Q1 2024
Newfoundland and Labrador,Finance and insurance,Sales,stay about the same,65.1,Q1 2024
Newfoundland and Labrador,Finance and insurance,Sales,decrease,7.5,Q1 2024
Newfoundland and Labrador,Finance and insurance,Profitability,increase,5.4,Q1 2024
Newfoundland and Labrador,Finance and insurance,Profitability,stay about the same,69.9,Q1 2024
Newfoundland and Labrador,Finance and insurance,Profitability,decrease,24.7,Q1 2024
Newfoundland and Labrador,Finance and insurance,Investment,increase,3.3,Q1 2024
Newfoundland and Labrador,Finance and insurance,Investment,stay about the same,59.5,Q1 2024
Newfoundland and Labrador,Finance and insurance,Investment,decrease,12.9,Q1 2024
Newfoundland and Labrador,Real estate and rental and leasing,Employment,increase,1.6,Q1 2024
Newfoundland and Labrador,Real estate and rental and leasing,Employment,stay about the same,96.8,Q1 2024
Newfoundland and Labrador,Real estate and rental and leasing,Employment,decrease,1.6,Q1 2024
Newfoundland and Labrador,Real estate and rental and leasing,Sales,increase,0.6,Q1 2024
Newfoundland and Labrador,Real estate and rental and leasing,Sales,stay about the same,94.6,Q1 2024
Newfoundland and Labrador,Real estate and rental and leasing,Sales,decrease,4.7,Q1 2024
Newfoundland and Labrador,Real estate and rental and leasing,Profitability,increase,1.5,Q1 2024
Newfoundland and Labrador,Real estate and rental and leasing,Profitability,stay about the same,83.2,Q1 2024
Newfoundland and Labrador,Real estate and rental and leasing,Profitability,decrease,15.2,Q1 2024
Newfoundland and Labrador,Real estate and rental and leasing,Investment,increase,1.4,Q1 2024
Newfoundland and Labrador,Real estate and rental and leasing,Investment,stay about the same,78.2,Q1 2024
Newfoundland and Labrador,Real estate and rental and leasing,Investment,decrease,3.1,Q1 2024
Newfoundland and Labrador,"Professional, scientific and technical services",Employment,increase,17.6,Q1 2024
Newfoundland and Labrador,"Professional, scientific and technical services",Employment,stay about the same,81,Q1 2024
Newfoundland and Labrador,"Professional, scientific and technical services",Employment,decrease,1.4,Q1 2024
Newfoundland and Labrador,"Professional, scientific and technical services",Sales,increase,20.4,Q1 2024
Newfoundland and Labrador,"Professional, scientific and technical services",Sales,stay about the same,72.7,Q1 2024
Newfoundland and Labrador,"Professional, scientific and technical services",Sales,decrease,6.9,Q1 2024
Newfoundland and Labrador,"Professional, scientific and technical services",Profitability,increase,19.4,Q1 2024
Newfoundland and Labrador,"Professional, scientific and technical services",Profitability,stay about the same,59.5,Q1 2024
Newfoundland and Labrador,"Professional, scientific and technical services",Profitability,decrease,21.1,Q1 2024
Newfoundland and Labrador,"Professional, scientific and technical services",Investment,increase,12.9,Q1 2024
Newfoundland and Labrador,"Professional, scientific and technical services",Investment,stay about the same,71.3,Q1 2024
Newfoundland and Labrador,"Professional, scientific and technical services",Investment,decrease,2.5,Q1 2024
Newfoundland and Labrador,Health care and social assistance,Employment,increase,3,Q1 2024
Newfoundland and Labrador,Health care and social assistance,Employment,stay about the same,94.9,Q1 2024
Newfoundland and Labrador,Health care and social assistance,Employment,decrease,2.1,Q1 2024
Newfoundland and Labrador,Health care and social assistance,Sales,increase,6.6,Q1 2024
Newfoundland and Labrador,Health care and social assistance,Sales,stay about the same,81.6,Q1 2024
Newfoundland and Labrador,Health care and social assistance,Sales,decrease,2.2,Q1 2024
Newfoundland and Labrador,Health care and social assistance,Profitability,increase,6.6,Q1 2024
Newfoundland and Labrador,Health care and social assistance,Profitability,stay about the same,57.4,Q1 2024
Newfoundland and Labrador,Health care and social assistance,Profitability,decrease,27.8,Q1 2024
Newfoundland and Labrador,Health care and social assistance,Investment,increase,12.5,Q1 2024
Newfoundland and Labrador,Health care and social assistance,Investment,stay about the same,64,Q1 2024
Newfoundland and Labrador,Health care and social assistance,Investment,decrease,2.1,Q1 2024
Newfoundland and Labrador,"Arts, entertainment and recreation",Employment,increase,21.6,Q1 2024
Newfoundland and Labrador,"Arts, entertainment and recreation",Employment,stay about the same,67.7,Q1 2024
Newfoundland and Labrador,"Arts, entertainment and recreation",Employment,decrease,10.7,Q1 2024
Newfoundland and Labrador,"Arts, entertainment and recreation",Sales,increase,9.7,Q1 2024
Newfoundland and Labrador,"Arts, entertainment and recreation",Sales,stay about the same,69,Q1 2024
Newfoundland and Labrador,"Arts, entertainment and recreation",Sales,decrease,16.9,Q1 2024
Newfoundland and Labrador,"Arts, entertainment and recreation",Profitability,increase,9.3,Q1 2024
Newfoundland and Labrador,"Arts, entertainment and recreation",Profitability,stay about the same,47.2,Q1 2024
Newfoundland and Labrador,"Arts, entertainment and recreation",Profitability,decrease,42.1,Q1 2024
Newfoundland and Labrador,"Arts, entertainment and recreation",Investment,increase,21,Q1 2024
Newfoundland and Labrador,"Arts, entertainment and recreation",Investment,stay about the same,47.3,Q1 2024
Newfoundland and Labrador,"Arts, entertainment and recreation",Investment,decrease,5.9,Q1 2024
Newfoundland and Labrador,Accommodation and food services,Employment,increase,9.1,Q1 2024
Newfoundland and Labrador,Accommodation and food services,Employment,stay about the same,88.2,Q1 2024
Newfoundland and Labrador,Accommodation and food services,Employment,decrease,2.8,Q1 2024
Newfoundland and Labrador,Accommodation and food services,Sales,increase,23,Q1 2024
Newfoundland and Labrador,Accommodation and food services,Sales,stay about the same,68.2,Q1 2024
Newfoundland and Labrador,Accommodation and food services,Sales,decrease,8.9,Q1 2024
Newfoundland and Labrador,Accommodation and food services,Profitability,increase,19.2,Q1 2024
Newfoundland and Labrador,Accommodation and food services,Profitability,stay about the same,45.4,Q1 2024
Newfoundland and Labrador,Accommodation and food services,Profitability,decrease,35.4,Q1 2024
Newfoundland and Labrador,Accommodation and food services,Investment,increase,26.2,Q1 2024
Newfoundland and Labrador,Accommodation and food services,Investment,stay about the same,62.9,Q1 2024
Newfoundland and Labrador,Accommodation and food services,Investment,decrease,2.6,Q1 2024
Prince Edward Island,"North American Industry Classification System (NAICS), all industries",Employment,increase,11.8,Q1 2024
Prince Edward Island,"North American Industry Classification System (NAICS), all industries",Employment,stay about the same,82.5,Q1 2024
Prince Edward Island,"North American Industry Classification System (NAICS), all industries",Employment,decrease,5.7,Q1 2024
Prince Edward Island,"North American Industry Classification System (NAICS), all industries",Sales,increase,16.6,Q1 2024
Prince Edward Island,"North American Industry Classification System (NAICS), all industries",Sales,stay about the same,64.4,Q1 2024
Prince Edward Island,"North American Industry Classification System (NAICS), all industries",Sales,decrease,12.8,Q1 2024
Prince Edward Island,"North American Industry Classification System (NAICS), all industries",Profitability,increase,13.8,Q1 2024
Prince Edward Island,"North American Industry Classification System (NAICS), all industries",Profitability,stay about the same,56.9,Q1 2024
Prince Edward Island,"North American Industry Classification System (NAICS), all industries",Profitability,decrease,25.6,Q1 2024
Prince Edward Island,"North American Industry Classification System (NAICS), all industries",Investment,increase,19,Q1 2024
Prince Edward Island,"North American Industry Classification System (NAICS), all industries",Investment,stay about the same,63.8,Q1 2024
Prince Edward Island,"North American Industry Classification System (NAICS), all industries",Investment,decrease,7.5,Q1 2024
Prince Edward Island,"Agriculture, forestry, fishing and hunting",Employment,increase,33.9,Q1 2024
Prince Edward Island,"Agriculture, forestry, fishing and hunting",Employment,stay about the same,64.9,Q1 2024
Prince Edward Island,"Agriculture, forestry, fishing and hunting",Employment,decrease,1.2,Q1 2024
Prince Edward Island,"Agriculture, forestry, fishing and hunting",Sales,increase,13.3,Q1 2024
Prince Edward Island,"Agriculture, forestry, fishing and hunting",Sales,stay about the same,84.2,Q1 2024
Prince Edward Island,"Agriculture, forestry, fishing and hunting",Sales,decrease,2.5,Q1 2024
Prince Edward Island,"Agriculture, forestry, fishing and hunting",Profitability,increase,24,Q1 2024
Prince Edward Island,"Agriculture, forestry, fishing and hunting",Profitability,stay about the same,57.1,Q1 2024
Prince Edward Island,"Agriculture, forestry, fishing and hunting",Profitability,decrease,18.8,Q1 2024
Prince Edward Island,"Agriculture, forestry, fishing and hunting",Investment,increase,41.3,Q1 2024
Prince Edward Island,"Agriculture, forestry, fishing and hunting",Investment,stay about the same,55,Q1 2024
Prince Edward Island,"Agriculture, forestry, fishing and hunting",Investment,decrease,2.4,Q1 2024
Prince Edward Island,"Mining, quarrying, and oil and gas extraction",Employment,increase,0,Q1 2024
Prince Edward Island,"Mining, quarrying, and oil and gas extraction",Employment,stay about the same,100,Q1 2024
Prince Edward Island,"Mining, quarrying, and oil and gas extraction",Employment,decrease,0,Q1 2024
Prince Edward Island,"Mining, quarrying, and oil and gas extraction",Sales,increase,0,Q1 2024
Prince Edward Island,"Mining, quarrying, and oil and gas extraction",Sales,stay about the same,100,Q1 2024
Prince Edward Island,"Mining, quarrying, and oil and gas extraction",Sales,decrease,0,Q1 2024
Prince Edward Island,"Mining, quarrying, and oil and gas extraction",Profitability,increase,0,Q1 2024
Prince Edward Island,"Mining, quarrying, and oil and gas extraction",Profitability,stay about the same,100,Q1 2024
Prince Edward Island,"Mining, quarrying, and oil and gas extraction",Profitability,decrease,0,Q1 2024
Prince Edward Island,"Mining, quarrying, and oil and gas extraction",Investment,increase,0,Q1 2024
Prince Edward Island,"Mining, quarrying, and oil and gas extraction",Investment,stay about the same,73.5,Q1 2024
Prince Edward Island,"Mining, quarrying, and oil and gas extraction",Investment,decrease,0,Q1 2024
Prince Edward Island,Construction,Employment,increase,10.4,Q1 2024
Prince Edward Island,Construction,Employment,stay about the same,87.5,Q1 2024
Prince Edward Island,Construction,Employment,decrease,2.1,Q1 2024
Prince Edward Island,Construction,Sales,increase,18.5,Q1 2024
Prince Edward Island,Construction,Sales,stay about the same,70.1,Q1 2024
Prince Edward Island,Construction,Sales,decrease,11.4,Q1 2024
Prince Edward Island,Construction,Profitability,increase,10.1,Q1 2024
Prince Edward Island,Construction,Profitability,stay about the same,64.7,Q1 2024
Prince Edward Island,Construction,Profitability,decrease,25.2,Q1 2024
Prince Edward Island,Construction,Investment,increase,24,Q1 2024
Prince Edward Island,Construction,Investment,stay about the same,66.4,Q1 2024
Prince Edward Island,Construction,Investment,decrease,9.6,Q1 2024
Prince Edward Island,Manufacturing,Employment,increase,25.5,Q1 2024
Prince Edward Island,Manufacturing,Employment,stay about the same,73.9,Q1 2024
Prince Edward Island,Manufacturing,Employment,decrease,0.6,Q1 2024
Prince Edward Island,Manufacturing,Sales,increase,34.2,Q1 2024
Prince Edward Island,Manufacturing,Sales,stay about the same,61.6,Q1 2024
Prince Edward Island,Manufacturing,Sales,decrease,4.2,Q1 2024
Prince Edward Island,Manufacturing,Profitability,increase,20,Q1 2024
Prince Edward Island,Manufacturing,Profitability,stay about the same,70.3,Q1 2024
Prince Edward Island,Manufacturing,Profitability,decrease,9.8,Q1 2024
Prince Edward Island,Manufacturing,Investment,increase,14.2,Q1 2024
Prince Edward Island,Manufacturing,Investment,stay about the same,79.6,Q1 2024
Prince Edward Island,Manufacturing,Investment,decrease,1.1,Q1 2024
Prince Edward Island,Wholesale trade,Employment,increase,3.8,Q1 2024
Prince Edward Island,Wholesale trade,Employment,stay about the same,86.7,Q1 2024
Prince Edward Island,Wholesale trade,Employment,decrease,9.6,Q1 2024
Prince Edward Island,Wholesale trade,Sales,increase,11.9,Q1 2024
Prince Edward Island,Wholesale trade,Sales,stay about the same,60,Q1 2024
Prince Edward Island,Wholesale trade,Sales,decrease,28.1,Q1 2024
Prince Edward Island,Wholesale trade,Profitability,increase,27.8,Q1 2024
Prince Edward Island,Wholesale trade,Profitability,stay about the same,30.4,Q1 2024
Prince Edward Island,Wholesale trade,Profitability,decrease,41.8,Q1 2024
Prince Edward Island,Wholesale trade,Investment,increase,8.1,Q1 2024
Prince Edward Island,Wholesale trade,Investment,stay about the same,60.8,Q1 2024
Prince Edward Island,Wholesale trade,Investment,decrease,23,Q1 2024
Prince Edward Island,Retail trade,Employment,increase,1.8,Q1 2024
Prince Edward Island,Retail trade,Employment,stay about the same,90.8,Q1 2024
Prince Edward Island,Retail trade,Employment,decrease,7.5,Q1 2024
Prince Edward Island,Retail trade,Sales,increase,7,Q1 2024
Prince Edward Island,Retail trade,Sales,stay about the same,68.4,Q1 2024
Prince Edward Island,Retail trade,Sales,decrease,24.7,Q1 2024
Prince Edward Island,Retail trade,Profitability,increase,12.2,Q1 2024
Prince Edward Island,Retail trade,Profitability,stay about the same,55.7,Q1 2024
Prince Edward Island,Retail trade,Profitability,decrease,32.2,Q1 2024
Prince Edward Island,Retail trade,Investment,increase,6.6,Q1 2024
Prince Edward Island,Retail trade,Investment,stay about the same,72.1,Q1 2024
Prince Edward Island,Retail trade,Investment,decrease,11,Q1 2024
Prince Edward Island,Transportation and warehousing,Employment,increase,3.3,Q1 2024
Prince Edward Island,Transportation and warehousing,Employment,stay about the same,80.2,Q1 2024
Prince Edward Island,Transportation and warehousing,Employment,decrease,16.4,Q1 2024
Prince Edward Island,Transportation and warehousing,Sales,increase,14.1,Q1 2024
Prince Edward Island,Transportation and warehousing,Sales,stay about the same,61.7,Q1 2024
Prince Edward Island,Transportation and warehousing,Sales,decrease,24.2,Q1 2024
Prince Edward Island,Transportation and warehousing,Profitability,increase,3.8,Q1 2024
Prince Edward Island,Transportation and warehousing,Profitability,stay about the same,38.5,Q1 2024
Prince Edward Island,Transportation and warehousing,Profitability,decrease,57.7,Q1 2024
Prince Edward Island,Transportation and warehousing,Investment,increase,5.7,Q1 2024
Prince Edward Island,Transportation and warehousing,Investment,stay about the same,58.5,Q1 2024
Prince Edward Island,Transportation and warehousing,Investment,decrease,23.1,Q1 2024
Prince Edward Island,Finance and insurance,Employment,increase,2.2,Q1 2024
Prince Edward Island,Finance and insurance,Employment,stay about the same,95,Q1 2024
Prince Edward Island,Finance and insurance,Employment,decrease,2.8,Q1 2024
Prince Edward Island,Finance and insurance,Sales,increase,7.1,Q1 2024
Prince Edward Island,Finance and insurance,Sales,stay about the same,83.8,Q1 2024
Prince Edward Island,Finance and insurance,Sales,decrease,6.4,Q1 2024
Prince Edward Island,Finance and insurance,Profitability,increase,3.8,Q1 2024
Prince Edward Island,Finance and insurance,Profitability,stay about the same,66.3,Q1 2024
Prince Edward Island,Finance and insurance,Profitability,decrease,27.2,Q1 2024
Prince Edward Island,Finance and insurance,Investment,increase,16.7,Q1 2024
Prince Edward Island,Finance and insurance,Investment,stay about the same,48.2,Q1 2024
Prince Edward Island,Finance and insurance,Investment,decrease,6.4,Q1 2024
Prince Edward Island,Real estate and rental and leasing,Employment,increase,6.1,Q1 2024
Prince Edward Island,Real estate and rental and leasing,Employment,stay about the same,90.8,Q1 2024
Prince Edward Island,Real estate and rental and leasing,Employment,decrease,3.1,Q1 2024
Prince Edward Island,Real estate and rental and leasing,Sales,increase,10,Q1 2024
Prince Edward Island,Real estate and rental and leasing,Sales,stay about the same,84.1,Q1 2024
Prince Edward Island,Real estate and rental and leasing,Sales,decrease,0,Q1 2024
Prince Edward Island,Real estate and rental and leasing,Profitability,increase,8.4,Q1 2024
Prince Edward Island,Real estate and rental and leasing,Profitability,stay about the same,61.4,Q1 2024
Prince Edward Island,Real estate and rental and leasing,Profitability,decrease,27.9,Q1 2024
Prince Edward Island,Real estate and rental and leasing,Investment,increase,24,Q1 2024
Prince Edward Island,Real estate and rental and leasing,Investment,stay about the same,69.7,Q1 2024
Prince Edward Island,Real estate and rental and leasing,Investment,decrease,0,Q1 2024
Prince Edward Island,"Professional, scientific and technical services",Employment,increase,16.1,Q1 2024
Prince Edward Island,"Professional, scientific and technical services",Employment,stay about the same,79.1,Q1 2024
Prince Edward Island,"Professional, scientific and technical services",Employment,decrease,4.8,Q1 2024
Prince Edward Island,"Professional, scientific and technical services",Sales,increase,38.2,Q1 2024
Prince Edward Island,"Professional, scientific and technical services",Sales,stay about the same,40,Q1 2024
Prince Edward Island,"Professional, scientific and technical services",Sales,decrease,18.9,Q1 2024
Prince Edward Island,"Professional, scientific and technical services",Profitability,increase,29.8,Q1 2024
Prince Edward Island,"Professional, scientific and technical services",Profitability,stay about the same,46,Q1 2024
Prince Edward Island,"Professional, scientific and technical services",Profitability,decrease,22.8,Q1 2024
Prince Edward Island,"Professional, scientific and technical services",Investment,increase,12.2,Q1 2024
Prince Edward Island,"Professional, scientific and technical services",Investment,stay about the same,71.4,Q1 2024
Prince Edward Island,"Professional, scientific and technical services",Investment,decrease,9,Q1 2024
Prince Edward Island,Health care and social assistance,Employment,increase,6.4,Q1 2024
Prince Edward Island,Health care and social assistance,Employment,stay about the same,83.7,Q1 2024
Prince Edward Island,Health care and social assistance,Employment,decrease,9.9,Q1 2024
Prince Edward Island,Health care and social assistance,Sales,increase,6.8,Q1 2024
Prince Edward Island,Health care and social assistance,Sales,stay about the same,72,Q1 2024
Prince Edward Island,Health care and social assistance,Sales,decrease,6.9,Q1 2024
Prince Edward Island,Health care and social assistance,Profitability,increase,3.1,Q1 2024
Prince Edward Island,Health care and social assistance,Profitability,stay about the same,66.4,Q1 2024
Prince Edward Island,Health care and social assistance,Profitability,decrease,26.7,Q1 2024
Prince Edward Island,Health care and social assistance,Investment,increase,15.1,Q1 2024
Prince Edward Island,Health care and social assistance,Investment,stay about the same,68.6,Q1 2024
Prince Edward Island,Health care and social assistance,Investment,decrease,0,Q1 2024
Prince Edward Island,"Arts, entertainment and recreation",Employment,increase,11.6,Q1 2024
Prince Edward Island,"Arts, entertainment and recreation",Employment,stay about the same,77.8,Q1 2024
Prince Edward Island,"Arts, entertainment and recreation",Employment,decrease,10.5,Q1 2024
Prince Edward Island,"Arts, entertainment and recreation",Sales,increase,18.4,Q1 2024
Prince Edward Island,"Arts, entertainment and recreation",Sales,stay about the same,43.5,Q1 2024
Prince Edward Island,"Arts, entertainment and recreation",Sales,decrease,19.1,Q1 2024
Prince Edward Island,"Arts, entertainment and recreation",Profitability,increase,0,Q1 2024
Prince Edward Island,"Arts, entertainment and recreation",Profitability,stay about the same,65.2,Q1 2024
Prince Edward Island,"Arts, entertainment and recreation",Profitability,decrease,24.6,Q1 2024
Prince Edward Island,"Arts, entertainment and recreation",Investment,increase,17.1,Q1 2024
Prince Edward Island,"Arts, entertainment and recreation",Investment,stay about the same,50,Q1 2024
Prince Edward Island,"Arts, entertainment and recreation",Investment,decrease,5,Q1 2024
Prince Edward Island,Accommodation and food services,Employment,increase,7.9,Q1 2024
Prince Edward Island,Accommodation and food services,Employment,stay about the same,79.3,Q1 2024
Prince Edward Island,Accommodation and food services,Employment,decrease,12.8,Q1 2024
Prince Edward Island,Accommodation and food services,Sales,increase,23.5,Q1 2024
Prince Edward Island,Accommodation and food services,Sales,stay about the same,60.6,Q1 2024
Prince Edward Island,Accommodation and food services,Sales,decrease,15.9,Q1 2024
Prince Edward Island,Accommodation and food services,Profitability,increase,13.2,Q1 2024
Prince Edward Island,Accommodation and food services,Profitability,stay about the same,52.5,Q1 2024
Prince Edward Island,Accommodation and food services,Profitability,decrease,33.4,Q1 2024
Prince Edward Island,Accommodation and food services,Investment,increase,21.7,Q1 2024
Prince Edward Island,Accommodation and food services,Investment,stay about the same,60.1,Q1 2024
Prince Edward Island,Accommodation and food services,Investment,decrease,8.8,Q1 2024
Nova Scotia,"North American Industry Classification System (NAICS), all industries",Employment,increase,10.2,Q1 2024
Nova Scotia,"North American Industry Classification System (NAICS), all industries",Employment,stay about the same,85.1,Q1 2024
Nova Scotia,"North American Industry Classification System (NAICS), all industries",Employment,decrease,4.7,Q1 2024
Nova Scotia,"North American Industry Classification System (NAICS), all industries",Sales,increase,21.1,Q1 2024
Nova Scotia,"North American Industry Classification System (NAICS), all industries",Sales,stay about the same,62,Q1 2024
Nova Scotia,"North American Industry Classification System (NAICS), all industries",Sales,decrease,13,Q1 2024
Nova Scotia,"North American Industry Classification System (NAICS), all industries",Profitability,increase,14,Q1 2024
Nova Scotia,"North American Industry Classification System (NAICS), all industries",Profitability,stay about the same,55.6,Q1 2024
Nova Scotia,"North American Industry Classification System (NAICS), all industries",Profitability,decrease,28.1,Q1 2024
Nova Scotia,"North American Industry Classification System (NAICS), all industries",Investment,increase,22.4,Q1 2024
Nova Scotia,"North American Industry Classification System (NAICS), all industries",Investment,stay about the same,57.6,Q1 2024
Nova Scotia,"North American Industry Classification System (NAICS), all industries",Investment,decrease,5.9,Q1 2024
Nova Scotia,"Agriculture, forestry, fishing and hunting",Employment,increase,0.9,Q1 2024
Nova Scotia,"Agriculture, forestry, fishing and hunting",Employment,stay about the same,94.6,Q1 2024
Nova Scotia,"Agriculture, forestry, fishing and hunting",Employment,decrease,4.5,Q1 2024
Nova Scotia,"Agriculture, forestry, fishing and hunting",Sales,increase,10.5,Q1 2024
Nova Scotia,"Agriculture, forestry, fishing and hunting",Sales,stay about the same,73.4,Q1 2024
Nova Scotia,"Agriculture, forestry, fishing and hunting",Sales,decrease,16.1,Q1 2024
Nova Scotia,"Agriculture, forestry, fishing and hunting",Profitability,increase,0.5,Q1 2024
Nova Scotia,"Agriculture, forestry, fishing and hunting",Profitability,stay about the same,75.1,Q1 2024
Nova Scotia,"Agriculture, forestry, fishing and hunting",Profitability,decrease,24.4,Q1 2024
Nova Scotia,"Agriculture, forestry, fishing and hunting",Investment,increase,16.6,Q1 2024
Nova Scotia,"Agriculture, forestry, fishing and hunting",Investment,stay about the same,48.4,Q1 2024
Nova Scotia,"Agriculture, forestry, fishing and hunting",Investment,decrease,14.3,Q1 2024
Nova Scotia,"Mining, quarrying, and oil and gas extraction",Employment,increase,0,Q1 2024
Nova Scotia,"Mining, quarrying, and oil and gas extraction",Employment,stay about the same,79.9,Q1 2024
Nova Scotia,"Mining, quarrying, and oil and gas extraction",Employment,decrease,20.1,Q1 2024
Nova Scotia,"Mining, quarrying, and oil and gas extraction",Sales,increase,0,Q1 2024
Nova Scotia,"Mining, quarrying, and oil and gas extraction",Sales,stay about the same,93.3,Q1 2024
Nova Scotia,"Mining, quarrying, and oil and gas extraction",Sales,decrease,6.7,Q1 2024
Nova Scotia,"Mining, quarrying, and oil and gas extraction",Profitability,increase,8.1,Q1 2024
Nova Scotia,"Mining, quarrying, and oil and gas extraction",Profitability,stay about the same,60.9,Q1 2024
Nova Scotia,"Mining, quarrying, and oil and gas extraction",Profitability,decrease,31,Q1 2024
Nova Scotia,"Mining, quarrying, and oil and gas extraction",Investment,increase,3.7,Q1 2024
Nova Scotia,"Mining, quarrying, and oil and gas extraction",Investment,stay about the same,53.7,Q1 2024
Nova Scotia,"Mining, quarrying, and oil and gas extraction",Investment,decrease,6.2,Q1 2024
Nova Scotia,Construction,Employment,increase,8,Q1 2024
Nova Scotia,Construction,Employment,stay about the same,88.5,Q1 2024
Nova Scotia,Construction,Employment,decrease,3.5,Q1 2024
Nova Scotia,Construction,Sales,increase,8.3,Q1 2024
Nova Scotia,Construction,Sales,stay about the same,74.6,Q1 2024
Nova Scotia,Construction,Sales,decrease,17,Q1 2024
Nova Scotia,Construction,Profitability,increase,9,Q1 2024
Nova Scotia,Construction,Profitability,stay about the same,64.6,Q1 2024
Nova Scotia,Construction,Profitability,decrease,26.5,Q1 2024
Nova Scotia,Construction,Investment,increase,32.8,Q1 2024
Nova Scotia,Construction,Investment,stay about the same,51.2,Q1 2024
Nova Scotia,Construction,Investment,decrease,2.5,Q1 2024
Nova Scotia,Manufacturing,Employment,increase,22.7,Q1 2024
Nova Scotia,Manufacturing,Employment,stay about the same,73.1,Q1 2024
Nova Scotia,Manufacturing,Employment,decrease,4.2,Q1 2024
Nova Scotia,Manufacturing,Sales,increase,35.2,Q1 2024
Nova Scotia,Manufacturing,Sales,stay about the same,50.9,Q1 2024
Nova Scotia,Manufacturing,Sales,decrease,13.9,Q1 2024
Nova Scotia,Manufacturing,Profitability,increase,22.3,Q1 2024
Nova Scotia,Manufacturing,Profitability,stay about the same,40,Q1 2024
Nova Scotia,Manufacturing,Profitability,decrease,37.7,Q1 2024
Nova Scotia,Manufacturing,Investment,increase,10.9,Q1 2024
Nova Scotia,Manufacturing,Investment,stay about the same,75.4,Q1 2024
Nova Scotia,Manufacturing,Investment,decrease,7.5,Q1 2024
Nova Scotia,Wholesale trade,Employment,increase,12.1,Q1 2024
Nova Scotia,Wholesale trade,Employment,stay about the same,85.6,Q1 2024
Nova Scotia,Wholesale trade,Employment,decrease,2.3,Q1 2024
Nova Scotia,Wholesale trade,Sales,increase,27.2,Q1 2024
Nova Scotia,Wholesale trade,Sales,stay about the same,53.9,Q1 2024
Nova Scotia,Wholesale trade,Sales,decrease,18.9,Q1 2024
Nova Scotia,Wholesale trade,Profitability,increase,20.4,Q1 2024
Nova Scotia,Wholesale trade,Profitability,stay about the same,47.7,Q1 2024
Nova Scotia,Wholesale trade,Profitability,decrease,31.9,Q1 2024
Nova Scotia,Wholesale trade,Investment,increase,27.1,Q1 2024
Nova Scotia,Wholesale trade,Investment,stay about the same,64.5,Q1 2024
Nova Scotia,Wholesale trade,Investment,decrease,5.7,Q1 2024
Nova Scotia,Retail trade,Employment,increase,14.3,Q1 2024
Nova Scotia,Retail trade,Employment,stay about the same,75.2,Q1 2024
Nova Scotia,Retail trade,Employment,decrease,10.5,Q1 2024
Nova Scotia,Retail trade,Sales,increase,42.4,Q1 2024
Nova Scotia,Retail trade,Sales,stay about the same,38.2,Q1 2024
Nova Scotia,Retail trade,Sales,decrease,19.4,Q1 2024
Nova Scotia,Retail trade,Profitability,increase,23.9,Q1 2024
Nova Scotia,Retail trade,Profitability,stay about the same,44.7,Q1 2024
Nova Scotia,Retail trade,Profitability,decrease,31.4,Q1 2024
Nova Scotia,Retail trade,Investment,increase,27.2,Q1 2024
Nova Scotia,Retail trade,Investment,stay about the same,59.5,Q1 2024
Nova Scotia,Retail trade,Investment,decrease,9.4,Q1 2024
Nova Scotia,Transportation and warehousing,Employment,increase,6.1,Q1 2024
Nova Scotia,Transportation and warehousing,Employment,stay about the same,90.8,Q1 2024
Nova Scotia,Transportation and warehousing,Employment,decrease,3.2,Q1 2024
Nova Scotia,Transportation and warehousing,Sales,increase,15,Q1 2024
Nova Scotia,Transportation and warehousing,Sales,stay about the same,76.6,Q1 2024
Nova Scotia,Transportation and warehousing,Sales,decrease,6.6,Q1 2024
Nova Scotia,Transportation and warehousing,Profitability,increase,7.8,Q1 2024
Nova Scotia,Transportation and warehousing,Profitability,stay about the same,44.6,Q1 2024
Nova Scotia,Transportation and warehousing,Profitability,decrease,47.5,Q1 2024
Nova Scotia,Transportation and warehousing,Investment,increase,31.7,Q1 2024
Nova Scotia,Transportation and warehousing,Investment,stay about the same,60.4,Q1 2024
Nova Scotia,Transportation and warehousing,Investment,decrease,2.4,Q1 2024
Nova Scotia,Finance and insurance,Employment,increase,15,Q1 2024
Nova Scotia,Finance and insurance,Employment,stay about the same,81.4,Q1 2024
Nova Scotia,Finance and insurance,Employment,decrease,3.6,Q1 2024
Nova Scotia,Finance and insurance,Sales,increase,27.8,Q1 2024
Nova Scotia,Finance and insurance,Sales,stay about the same,66.9,Q1 2024
Nova Scotia,Finance and insurance,Sales,decrease,5,Q1 2024
Nova Scotia,Finance and insurance,Profitability,increase,15.9,Q1 2024
Nova Scotia,Finance and insurance,Profitability,stay about the same,68.7,Q1 2024
Nova Scotia,Finance and insurance,Profitability,decrease,15.1,Q1 2024
Nova Scotia,Finance and insurance,Investment,increase,18.1,Q1 2024
Nova Scotia,Finance and insurance,Investment,stay about the same,42.4,Q1 2024
Nova Scotia,Finance and insurance,Investment,decrease,7.7,Q1 2024
Nova Scotia,Real estate and rental and leasing,Employment,increase,3.4,Q1 2024
Nova Scotia,Real estate and rental and leasing,Employment,stay about the same,89.1,Q1 2024
Nova Scotia,Real estate and rental and leasing,Employment,decrease,7.5,Q1 2024
Nova Scotia,Real estate and rental and leasing,Sales,increase,16.4,Q1 2024
Nova Scotia,Real estate and rental and leasing,Sales,stay about the same,63.6,Q1 2024
Nova Scotia,Real estate and rental and leasing,Sales,decrease,19.9,Q1 2024
Nova Scotia,Real estate and rental and leasing,Profitability,increase,11.3,Q1 2024
Nova Scotia,Real estate and rental and leasing,Profitability,stay about the same,41.8,Q1 2024
Nova Scotia,Real estate and rental and leasing,Profitability,decrease,46.9,Q1 2024
Nova Scotia,Real estate and rental and leasing,Investment,increase,19.5,Q1 2024
Nova Scotia,Real estate and rental and leasing,Investment,stay about the same,58.9,Q1 2024
Nova Scotia,Real estate and rental and leasing,Investment,decrease,3.2,Q1 2024
Nova Scotia,"Professional, scientific and technical services",Employment,increase,17.1,Q1 2024
Nova Scotia,"Professional, scientific and technical services",Employment,stay about the same,82.1,Q1 2024
Nova Scotia,"Professional, scientific and technical services",Employment,decrease,0.8,Q1 2024
Nova Scotia,"Professional, scientific and technical services",Sales,increase,20.8,Q1 2024
Nova Scotia,"Professional, scientific and technical services",Sales,stay about the same,62.9,Q1 2024
Nova Scotia,"Professional, scientific and technical services",Sales,decrease,9.8,Q1 2024
Nova Scotia,"Professional, scientific and technical services",Profitability,increase,13.6,Q1 2024
Nova Scotia,"Professional, scientific and technical services",Profitability,stay about the same,54.2,Q1 2024
Nova Scotia,"Professional, scientific and technical services",Profitability,decrease,25.6,Q1 2024
Nova Scotia,"Professional, scientific and technical services",Investment,increase,11.2,Q1 2024
Nova Scotia,"Professional, scientific and technical services",Investment,stay about the same,59.4,Q1 2024
Nova Scotia,"Professional, scientific and technical services",Investment,decrease,8.9,Q1 2024
Nova Scotia,Health care and social assistance,Employment,increase,9.7,Q1 2024
Nova Scotia,Health care and social assistance,Employment,stay about the same,88.4,Q1 2024
Nova Scotia,Health care and social assistance,Employment,decrease,1.9,Q1 2024
Nova Scotia,Health care and social assistance,Sales,increase,11.7,Q1 2024
Nova Scotia,Health care and social assistance,Sales,stay about the same,77.4,Q1 2024
Nova Scotia,Health care and social assistance,Sales,decrease,0.8,Q1 2024
Nova Scotia,Health care and social assistance,Profitability,increase,12.2,Q1 2024
Nova Scotia,Health care and social assistance,Profitability,stay about the same,56.7,Q1 2024
Nova Scotia,Health care and social assistance,Profitability,decrease,19.7,Q1 2024
Nova Scotia,Health care and social assistance,Investment,increase,26.5,Q1 2024
Nova Scotia,Health care and social assistance,Investment,stay about the same,65.6,Q1 2024
Nova Scotia,Health care and social assistance,Investment,decrease,0,Q1 2024
Nova Scotia,"Arts, entertainment and recreation",Employment,increase,7.4,Q1 2024
Nova Scotia,"Arts, entertainment and recreation",Employment,stay about the same,89.3,Q1 2024
Nova Scotia,"Arts, entertainment and recreation",Employment,decrease,3.3,Q1 2024
Nova Scotia,"Arts, entertainment and recreation",Sales,increase,12.1,Q1 2024
Nova Scotia,"Arts, entertainment and recreation",Sales,stay about the same,79.6,Q1 2024
Nova Scotia,"Arts, entertainment and recreation",Sales,decrease,6.8,Q1 2024
Nova Scotia,"Arts, entertainment and recreation",Profitability,increase,18.3,Q1 2024
Nova Scotia,"Arts, entertainment and recreation",Profitability,stay about the same,58,Q1 2024
Nova Scotia,"Arts, entertainment and recreation",Profitability,decrease,21,Q1 2024
Nova Scotia,"Arts, entertainment and recreation",Investment,increase,20,Q1 2024
Nova Scotia,"Arts, entertainment and recreation",Investment,stay about the same,62.9,Q1 2024
Nova Scotia,"Arts, entertainment and recreation",Investment,decrease,2.1,Q1 2024
Nova Scotia,Accommodation and food services,Employment,increase,9.9,Q1 2024
Nova Scotia,Accommodation and food services,Employment,stay about the same,81.4,Q1 2024
Nova Scotia,Accommodation and food services,Employment,decrease,8.7,Q1 2024
Nova Scotia,Accommodation and food services,Sales,increase,24.5,Q1 2024
Nova Scotia,Accommodation and food services,Sales,stay about the same,52.5,Q1 2024
Nova Scotia,Accommodation and food services,Sales,decrease,23,Q1 2024
Nova Scotia,Accommodation and food services,Profitability,increase,20.5,Q1 2024
Nova Scotia,Accommodation and food services,Profitability,stay about the same,47.2,Q1 2024
Nova Scotia,Accommodation and food services,Profitability,decrease,32.3,Q1 2024
Nova Scotia,Accommodation and food services,Investment,increase,21.7,Q1 2024
Nova Scotia,Accommodation and food services,Investment,stay about the same,67.7,Q1 2024
Nova Scotia,Accommodation and food services,Investment,decrease,0.7,Q1 2024
New Brunswick,"North American Industry Classification System (NAICS), all industries",Employment,increase,10.2,Q1 2024
New Brunswick,"North American Industry Classification System (NAICS), all industries",Employment,stay about the same,82.6,Q1 2024
New Brunswick,"North American Industry Classification System (NAICS), all industries",Employment,decrease,7.2,Q1 2024
New Brunswick,"North American Industry Classification System (NAICS), all industries",Sales,increase,17.4,Q1 2024
New Brunswick,"North American Industry Classification System (NAICS), all industries",Sales,stay about the same,60.6,Q1 2024
New Brunswick,"North American Industry Classification System (NAICS), all industries",Sales,decrease,16.5,Q1 2024
New Brunswick,"North American Industry Classification System (NAICS), all industries",Profitability,increase,9.8,Q1 2024
New Brunswick,"North American Industry Classification System (NAICS), all industries",Profitability,stay about the same,60.8,Q1 2024
New Brunswick,"North American Industry Classification System (NAICS), all industries",Profitability,decrease,25.4,Q1 2024
New Brunswick,"North American Industry Classification System (NAICS), all industries",Investment,increase,19.4,Q1 2024
New Brunswick,"North American Industry Classification System (NAICS), all industries",Investment,stay about the same,59.4,Q1 2024
New Brunswick,"North American Industry Classification System (NAICS), all industries",Investment,decrease,7.9,Q1 2024
New Brunswick,"Agriculture, forestry, fishing and hunting",Employment,increase,10.1,Q1 2024
New Brunswick,"Agriculture, forestry, fishing and hunting",Employment,stay about the same,83.6,Q1 2024
New Brunswick,"Agriculture, forestry, fishing and hunting",Employment,decrease,6.4,Q1 2024
New Brunswick,"Agriculture, forestry, fishing and hunting",Sales,increase,23.5,Q1 2024
New Brunswick,"Agriculture, forestry, fishing and hunting",Sales,stay about the same,69.1,Q1 2024
New Brunswick,"Agriculture, forestry, fishing and hunting",Sales,decrease,6.7,Q1 2024
New Brunswick,"Agriculture, forestry, fishing and hunting",Profitability,increase,16.4,Q1 2024
New Brunswick,"Agriculture, forestry, fishing and hunting",Profitability,stay about the same,64,Q1 2024
New Brunswick,"Agriculture, forestry, fishing and hunting",Profitability,decrease,18.7,Q1 2024
New Brunswick,"Agriculture, forestry, fishing and hunting",Investment,increase,21.1,Q1 2024
New Brunswick,"Agriculture, forestry, fishing and hunting",Investment,stay about the same,56.6,Q1 2024
New Brunswick,"Agriculture, forestry, fishing and hunting",Investment,decrease,9.7,Q1 2024
New Brunswick,"Mining, quarrying, and oil and gas extraction",Employment,increase,17.4,Q1 2024
New Brunswick,"Mining, quarrying, and oil and gas extraction",Employment,stay about the same,65.3,Q1 2024
New Brunswick,"Mining, quarrying, and oil and gas extraction",Employment,decrease,17.3,Q1 2024
New Brunswick,"Mining, quarrying, and oil and gas extraction",Sales,increase,14.3,Q1 2024
New Brunswick,"Mining, quarrying, and oil and gas extraction",Sales,stay about the same,63.1,Q1 2024
New Brunswick,"Mining, quarrying, and oil and gas extraction",Sales,decrease,22.5,Q1 2024
New Brunswick,"Mining, quarrying, and oil and gas extraction",Profitability,increase,10.2,Q1 2024
New Brunswick,"Mining, quarrying, and oil and gas extraction",Profitability,stay about the same,66,Q1 2024
New Brunswick,"Mining, quarrying, and oil and gas extraction",Profitability,decrease,23.7,Q1 2024
New Brunswick,"Mining, quarrying, and oil and gas extraction",Investment,increase,14.3,Q1 2024
New Brunswick,"Mining, quarrying, and oil and gas extraction",Investment,stay about the same,50.4,Q1 2024
New Brunswick,"Mining, quarrying, and oil and gas extraction",Investment,decrease,26.8,Q1 2024
New Brunswick,Construction,Employment,increase,14.2,Q1 2024
New Brunswick,Construction,Employment,stay about the same,76.8,Q1 2024
New Brunswick,Construction,Employment,decrease,9,Q1 2024
New Brunswick,Construction,Sales,increase,10.9,Q1 2024
New Brunswick,Construction,Sales,stay about the same,59.8,Q1 2024
New Brunswick,Construction,Sales,decrease,29.3,Q1 2024
New Brunswick,Construction,Profitability,increase,8,Q1 2024
New Brunswick,Construction,Profitability,stay about the same,65.8,Q1 2024
New Brunswick,Construction,Profitability,decrease,26.2,Q1 2024
New Brunswick,Construction,Investment,increase,26.8,Q1 2024
New Brunswick,Construction,Investment,stay about the same,54.4,Q1 2024
New Brunswick,Construction,Investment,decrease,6.9,Q1 2024
New Brunswick,Manufacturing,Employment,increase,12.1,Q1 2024
New Brunswick,Manufacturing,Employment,stay about the same,79.7,Q1 2024
New Brunswick,Manufacturing,Employment,decrease,8.2,Q1 2024
New Brunswick,Manufacturing,Sales,increase,12,Q1 2024
New Brunswick,Manufacturing,Sales,stay about the same,77.9,Q1 2024
New Brunswick,Manufacturing,Sales,decrease,10.1,Q1 2024
New Brunswick,Manufacturing,Profitability,increase,10,Q1 2024
New Brunswick,Manufacturing,Profitability,stay about the same,69.3,Q1 2024
New Brunswick,Manufacturing,Profitability,decrease,20.7,Q1 2024
New Brunswick,Manufacturing,Investment,increase,13.6,Q1 2024
New Brunswick,Manufacturing,Investment,stay about the same,73.2,Q1 2024
New Brunswick,Manufacturing,Investment,decrease,6,Q1 2024
New Brunswick,Wholesale trade,Employment,increase,4.2,Q1 2024
New Brunswick,Wholesale trade,Employment,stay about the same,94.9,Q1 2024
New Brunswick,Wholesale trade,Employment,decrease,1,Q1 2024
New Brunswick,Wholesale trade,Sales,increase,32,Q1 2024
New Brunswick,Wholesale trade,Sales,stay about the same,47.9,Q1 2024
New Brunswick,Wholesale trade,Sales,decrease,20.1,Q1 2024
New Brunswick,Wholesale trade,Profitability,increase,18.3,Q1 2024
New Brunswick,Wholesale trade,Profitability,stay about the same,53.4,Q1 2024
New Brunswick,Wholesale trade,Profitability,decrease,28.3,Q1 2024
New Brunswick,Wholesale trade,Investment,increase,18.9,Q1 2024
New Brunswick,Wholesale trade,Investment,stay about the same,59.4,Q1 2024
New Brunswick,Wholesale trade,Investment,decrease,10.6,Q1 2024
New Brunswick,Retail trade,Employment,increase,10.1,Q1 2024
New Brunswick,Retail trade,Employment,stay about the same,78.7,Q1 2024
New Brunswick,Retail trade,Employment,decrease,11.2,Q1 2024
New Brunswick,Retail trade,Sales,increase,26.6,Q1 2024
New Brunswick,Retail trade,Sales,stay about the same,43,Q1 2024
New Brunswick,Retail trade,Sales,decrease,30.5,Q1 2024
New Brunswick,Retail trade,Profitability,increase,9.2,Q1 2024
New Brunswick,Retail trade,Profitability,stay about the same,48,Q1 2024
New Brunswick,Retail trade,Profitability,decrease,42.8,Q1 2024
New Brunswick,Retail trade,Investment,increase,25.8,Q1 2024
New Brunswick,Retail trade,Investment,stay about the same,53.1,Q1 2024
New Brunswick,Retail trade,Investment,decrease,14.9,Q1 2024
New Brunswick,Transportation and warehousing,Employment,increase,1.2,Q1 2024
New Brunswick,Transportation and warehousing,Employment,stay about the same,91.7,Q1 2024
New Brunswick,Transportation and warehousing,Employment,decrease,7.1,Q1 2024
New Brunswick,Transportation and warehousing,Sales,increase,12,Q1 2024
New Brunswick,Transportation and warehousing,Sales,stay about the same,74.6,Q1 2024
New Brunswick,Transportation and warehousing,Sales,decrease,13.3,Q1 2024
New Brunswick,Transportation and warehousing,Profitability,increase,14.6,Q1 2024
New Brunswick,Transportation and warehousing,Profitability,stay about the same,61.2,Q1 2024
New Brunswick,Transportation and warehousing,Profitability,decrease,24.1,Q1 2024
New Brunswick,Transportation and warehousing,Investment,increase,28.4,Q1 2024
New Brunswick,Transportation and warehousing,Investment,stay about the same,60,Q1 2024
New Brunswick,Transportation and warehousing,Investment,decrease,2.8,Q1 2024
New Brunswick,Finance and insurance,Employment,increase,8.1,Q1 2024
New Brunswick,Finance and insurance,Employment,stay about the same,91.9,Q1 2024
New Brunswick,Finance and insurance,Employment,decrease,0,Q1 2024
New Brunswick,Finance and insurance,Sales,increase,32.1,Q1 2024
New Brunswick,Finance and insurance,Sales,stay about the same,62.4,Q1 2024
New Brunswick,Finance and insurance,Sales,decrease,5.5,Q1 2024
New Brunswick,Finance and insurance,Profitability,increase,21.4,Q1 2024
New Brunswick,Finance and insurance,Profitability,stay about the same,62,Q1 2024
New Brunswick,Finance and insurance,Profitability,decrease,16.5,Q1 2024
New Brunswick,Finance and insurance,Investment,increase,13.4,Q1 2024
New Brunswick,Finance and insurance,Investment,stay about the same,71,Q1 2024
New Brunswick,Finance and insurance,Investment,decrease,5.8,Q1 2024
New Brunswick,Real estate and rental and leasing,Employment,increase,9,Q1 2024
New Brunswick,Real estate and rental and leasing,Employment,stay about the same,78.3,Q1 2024
New Brunswick,Real estate and rental and leasing,Employment,decrease,12.6,Q1 2024
New Brunswick,Real estate and rental and leasing,Sales,increase,19,Q1 2024
New Brunswick,Real estate and rental and leasing,Sales,stay about the same,49.4,Q1 2024
New Brunswick,Real estate and rental and leasing,Sales,decrease,30.3,Q1 2024
New Brunswick,Real estate and rental and leasing,Profitability,increase,8.5,Q1 2024
New Brunswick,Real estate and rental and leasing,Profitability,stay about the same,49.7,Q1 2024
New Brunswick,Real estate and rental and leasing,Profitability,decrease,40.5,Q1 2024
New Brunswick,Real estate and rental and leasing,Investment,increase,26.8,Q1 2024
New Brunswick,Real estate and rental and leasing,Investment,stay about the same,38.8,Q1 2024
New Brunswick,Real estate and rental and leasing,Investment,decrease,7,Q1 2024
New Brunswick,"Professional, scientific and technical services",Employment,increase,7.2,Q1 2024
New Brunswick,"Professional, scientific and technical services",Employment,stay about the same,91.4,Q1 2024
New Brunswick,"Professional, scientific and technical services",Employment,decrease,1.4,Q1 2024
New Brunswick,"Professional, scientific and technical services",Sales,increase,12.6,Q1 2024
New Brunswick,"Professional, scientific and technical services",Sales,stay about the same,74,Q1 2024
New Brunswick,"Professional, scientific and technical services",Sales,decrease,13.3,Q1 2024
New Brunswick,"Professional, scientific and technical services",Profitability,increase,11.5,Q1 2024
New Brunswick,"Professional, scientific and technical services",Profitability,stay about the same,72.6,Q1 2024
New Brunswick,"Professional, scientific and technical services",Profitability,decrease,15.9,Q1 2024
New Brunswick,"Professional, scientific and technical services",Investment,increase,5.1,Q1 2024
New Brunswick,"Professional, scientific and technical services",Investment,stay about the same,72,Q1 2024
New Brunswick,"Professional, scientific and technical services",Investment,decrease,5.2,Q1 2024
New Brunswick,Health care and social assistance,Employment,increase,17.2,Q1 2024
New Brunswick,Health care and social assistance,Employment,stay about the same,82.7,Q1 2024
New Brunswick,Health care and social assistance,Employment,decrease,0.1,Q1 2024
New Brunswick,Health care and social assistance,Sales,increase,7.2,Q1 2024
New Brunswick,Health care and social assistance,Sales,stay about the same,78.5,Q1 2024
New Brunswick,Health care and social assistance,Sales,decrease,0.3,Q1 2024
New Brunswick,Health care and social assistance,Profitability,increase,2.1,Q1 2024
New Brunswick,Health care and social assistance,Profitability,stay about the same,74.9,Q1 2024
New Brunswick,Health care and social assistance,Profitability,decrease,11.2,Q1 2024
New Brunswick,Health care and social assistance,Investment,increase,11.6,Q1 2024
New Brunswick,Health care and social assistance,Investment,stay about the same,64.7,Q1 2024
New Brunswick,Health care and social assistance,Investment,decrease,2,Q1 2024
New Brunswick,"Arts, entertainment and recreation",Employment,increase,3.2,Q1 2024
New Brunswick,"Arts, entertainment and recreation",Employment,stay about the same,95,Q1 2024
New Brunswick,"Arts, entertainment and recreation",Employment,decrease,1.8,Q1 2024
New Brunswick,"Arts, entertainment and recreation",Sales,increase,19.8,Q1 2024
New Brunswick,"Arts, entertainment and recreation",Sales,stay about the same,77,Q1 2024
New Brunswick,"Arts, entertainment and recreation",Sales,decrease,3.2,Q1 2024
New Brunswick,"Arts, entertainment and recreation",Profitability,increase,3.1,Q1 2024
New Brunswick,"Arts, entertainment and recreation",Profitability,stay about the same,78.9,Q1 2024
New Brunswick,"Arts, entertainment and recreation",Profitability,decrease,16.6,Q1 2024
New Brunswick,"Arts, entertainment and recreation",Investment,increase,8.5,Q1 2024
New Brunswick,"Arts, entertainment and recreation",Investment,stay about the same,50.6,Q1 2024
New Brunswick,"Arts, entertainment and recreation",Investment,decrease,9.6,Q1 2024
New Brunswick,Accommodation and food services,Employment,increase,6.3,Q1 2024
New Brunswick,Accommodation and food services,Employment,stay about the same,84.8,Q1 2024
New Brunswick,Accommodation and food services,Employment,decrease,8.9,Q1 2024
New Brunswick,Accommodation and food services,Sales,increase,20,Q1 2024
New Brunswick,Accommodation and food services,Sales,stay about the same,55.1,Q1 2024
New Brunswick,Accommodation and food services,Sales,decrease,24.9,Q1 2024
New Brunswick,Accommodation and food services,Profitability,increase,9.3,Q1 2024
New Brunswick,Accommodation and food services,Profitability,stay about the same,51.3,Q1 2024
New Brunswick,Accommodation and food services,Profitability,decrease,39.4,Q1 2024
New Brunswick,Accommodation and food services,Investment,increase,11.2,Q1 2024
New Brunswick,Accommodation and food services,Investment,stay about the same,70.1,Q1 2024
New Brunswick,Accommodation and food services,Investment,decrease,6.8,Q1 2024
Quebec,"North American Industry Classification System (NAICS), all industries",Employment,increase,11.7,Q1 2024
Quebec,"North American Industry Classification System (NAICS), all industries",Employment,stay about the same,82.6,Q1 2024
Quebec,"North American Industry Classification System (NAICS), all industries",Employment,decrease,5.7,Q1 2024
Quebec,"North American Industry Classification System (NAICS), all industries",Sales,increase,21.1,Q1 2024
Quebec,"North American Industry Classification System (NAICS), all industries",Sales,stay about the same,61.3,Q1 2024
Quebec,"North American Industry Classification System (NAICS), all industries",Sales,decrease,13.1,Q1 2024
Quebec,"North American Industry Classification System (NAICS), all industries",Profitability,increase,11.7,Q1 2024
Quebec,"North American Industry Classification System (NAICS), all industries",Profitability,stay about the same,59,Q1 2024
Quebec,"North American Industry Classification System (NAICS), all industries",Profitability,decrease,25.2,Q1 2024
Quebec,"North American Industry Classification System (NAICS), all industries",Investment,increase,16.6,Q1 2024
Quebec,"North American Industry Classification System (NAICS), all industries",Investment,stay about the same,61.1,Q1 2024
Quebec,"North American Industry Classification System (NAICS), all industries",Investment,decrease,8.2,Q1 2024
Quebec,"Agriculture, forestry, fishing and hunting",Employment,increase,9.8,Q1 2024
Quebec,"Agriculture, forestry, fishing and hunting",Employment,stay about the same,76.4,Q1 2024
Quebec,"Agriculture, forestry, fishing and hunting",Employment,decrease,13.8,Q1 2024
Quebec,"Agriculture, forestry, fishing and hunting",Sales,increase,5.6,Q1 2024
Quebec,"Agriculture, forestry, fishing and hunting",Sales,stay about the same,72.6,Q1 2024
Quebec,"Agriculture, forestry, fishing and hunting",Sales,decrease,21.4,Q1 2024
Quebec,"Agriculture, forestry, fishing and hunting",Profitability,increase,10,Q1 2024
Quebec,"Agriculture, forestry, fishing and hunting",Profitability,stay about the same,52.2,Q1 2024
Quebec,"Agriculture, forestry, fishing and hunting",Profitability,decrease,37.8,Q1 2024
Quebec,"Agriculture, forestry, fishing and hunting",Investment,increase,18.6,Q1 2024
Quebec,"Agriculture, forestry, fishing and hunting",Investment,stay about the same,62.4,Q1 2024
Quebec,"Agriculture, forestry, fishing and hunting",Investment,decrease,10.1,Q1 2024
Quebec,"Mining, quarrying, and oil and gas extraction",Employment,increase,14.1,Q1 2024
Quebec,"Mining, quarrying, and oil and gas extraction",Employment,stay about the same,78.8,Q1 2024
Quebec,"Mining, quarrying, and oil and gas extraction",Employment,decrease,7.1,Q1 2024
Quebec,"Mining, quarrying, and oil and gas extraction",Sales,increase,17.4,Q1 2024
Quebec,"Mining, quarrying, and oil and gas extraction",Sales,stay about the same,63.9,Q1 2024
Quebec,"Mining, quarrying, and oil and gas extraction",Sales,decrease,18.5,Q1 2024
Quebec,"Mining, quarrying, and oil and gas extraction",Profitability,increase,12.8,Q1 2024
Quebec,"Mining, quarrying, and oil and gas extraction",Profitability,stay about the same,68.7,Q1 2024
Quebec,"Mining, quarrying, and oil and gas extraction",Profitability,decrease,18.5,Q1 2024
Quebec,"Mining, quarrying, and oil and gas extraction",Investment,increase,16.8,Q1 2024
Quebec,"Mining, quarrying, and oil and gas extraction",Investment,stay about the same,62.8,Q1 2024
Quebec,"Mining, quarrying, and oil and gas extraction",Investment,decrease,12.2,Q1 2024
Quebec,Construction,Employment,increase,18.6,Q1 2024
Quebec,Construction,Employment,stay about the same,72.1,Q1 2024
Quebec,Construction,Employment,decrease,9.3,Q1 2024
Quebec,Construction,Sales,increase,32,Q1 2024
Quebec,Construction,Sales,stay about the same,46.8,Q1 2024
Quebec,Construction,Sales,decrease,21.2,Q1 2024
Quebec,Construction,Profitability,increase,10.4,Q1 2024
Quebec,Construction,Profitability,stay about the same,61.5,Q1 2024
Quebec,Construction,Profitability,decrease,28,Q1 2024
Quebec,Construction,Investment,increase,6.2,Q1 2024
Quebec,Construction,Investment,stay about the same,61.3,Q1 2024
Quebec,Construction,Investment,decrease,9.9,Q1 2024
Quebec,Manufacturing,Employment,increase,13.8,Q1 2024
Quebec,Manufacturing,Employment,stay about the same,82.8,Q1 2024
Quebec,Manufacturing,Employment,decrease,3.4,Q1 2024
Quebec,Manufacturing,Sales,increase,36.5,Q1 2024
Quebec,Manufacturing,Sales,stay about the same,50.3,Q1 2024
Quebec,Manufacturing,Sales,decrease,13.1,Q1 2024
Quebec,Manufacturing,Profitability,increase,28.2,Q1 2024
Quebec,Manufacturing,Profitability,stay about the same,56.7,Q1 2024
Quebec,Manufacturing,Profitability,decrease,15.1,Q1 2024
Quebec,Manufacturing,Investment,increase,17.1,Q1 2024
Quebec,Manufacturing,Investment,stay about the same,57.9,Q1 2024
Quebec,Manufacturing,Investment,decrease,19.2,Q1 2024
Quebec,Wholesale trade,Employment,increase,11,Q1 2024
Quebec,Wholesale trade,Employment,stay about the same,87.5,Q1 2024
Quebec,Wholesale trade,Employment,decrease,1.5,Q1 2024
Quebec,Wholesale trade,Sales,increase,30.7,Q1 2024
Quebec,Wholesale trade,Sales,stay about the same,60.6,Q1 2024
Quebec,Wholesale trade,Sales,decrease,8.6,Q1 2024
Quebec,Wholesale trade,Profitability,increase,12.7,Q1 2024
Quebec,Wholesale trade,Profitability,stay about the same,66.6,Q1 2024
Quebec,Wholesale trade,Profitability,decrease,20.7,Q1 2024
Quebec,Wholesale trade,Investment,increase,23,Q1 2024
Quebec,Wholesale trade,Investment,stay about the same,53.7,Q1 2024
Quebec,Wholesale trade,Investment,decrease,7.8,Q1 2024
Quebec,Retail trade,Employment,increase,10,Q1 2024
Quebec,Retail trade,Employment,stay about the same,82.8,Q1 2024
Quebec,Retail trade,Employment,decrease,7.2,Q1 2024
Quebec,Retail trade,Sales,increase,22.7,Q1 2024
Quebec,Retail trade,Sales,stay about the same,62.9,Q1 2024
Quebec,Retail trade,Sales,decrease,14.2,Q1 2024
Quebec,Retail trade,Profitability,increase,14.7,Q1 2024
Quebec,Retail trade,Profitability,stay about the same,55.7,Q1 2024
Quebec,Retail trade,Profitability,decrease,29.5,Q1 2024
Quebec,Retail trade,Investment,increase,22,Q1 2024
Quebec,Retail trade,Investment,stay about the same,62.9,Q1 2024
Quebec,Retail trade,Investment,decrease,7.7,Q1 2024
Quebec,Transportation and warehousing,Employment,increase,5,Q1 2024
Quebec,Transportation and warehousing,Employment,stay about the same,92.2,Q1 2024
Quebec,Transportation and warehousing,Employment,decrease,2.9,Q1 2024
Quebec,Transportation and warehousing,Sales,increase,24.4,Q1 2024
Quebec,Transportation and warehousing,Sales,stay about the same,68.9,Q1 2024
Quebec,Transportation and warehousing,Sales,decrease,6.7,Q1 2024
Quebec,Transportation and warehousing,Profitability,increase,9.8,Q1 2024
Quebec,Transportation and warehousing,Profitability,stay about the same,53.6,Q1 2024
Quebec,Transportation and warehousing,Profitability,decrease,34.9,Q1 2024
Quebec,Transportation and warehousing,Investment,increase,11.2,Q1 2024
Quebec,Transportation and warehousing,Investment,stay about the same,53.9,Q1 2024
Quebec,Transportation and warehousing,Investment,decrease,12.3,Q1 2024
Quebec,Finance and insurance,Employment,increase,12.9,Q1 2024
Quebec,Finance and insurance,Employment,stay about the same,78.8,Q1 2024
Quebec,Finance and insurance,Employment,decrease,8.2,Q1 2024
Quebec,Finance and insurance,Sales,increase,34.7,Q1 2024
Quebec,Finance and insurance,Sales,stay about the same,58.6,Q1 2024
Quebec,Finance and insurance,Sales,decrease,6.5,Q1 2024
Quebec,Finance and insurance,Profitability,increase,13.8,Q1 2024
Quebec,Finance and insurance,Profitability,stay about the same,57.3,Q1 2024
Quebec,Finance and insurance,Profitability,decrease,28.9,Q1 2024
Quebec,Finance and insurance,Investment,increase,22.2,Q1 2024
Quebec,Finance and insurance,Investment,stay about the same,48,Q1 2024
Quebec,Finance and insurance,Investment,decrease,10.3,Q1 2024
Quebec,Real estate and rental and leasing,Employment,increase,2,Q1 2024
Quebec,Real estate and rental and leasing,Employment,stay about the same,96.1,Q1 2024
Quebec,Real estate and rental and leasing,Employment,decrease,2,Q1 2024
Quebec,Real estate and rental and leasing,Sales,increase,7.3,Q1 2024
Quebec,Real estate and rental and leasing,Sales,stay about the same,79.9,Q1 2024
Quebec,Real estate and rental and leasing,Sales,decrease,11.5,Q1 2024
Quebec,Real estate and rental and leasing,Profitability,increase,5.2,Q1 2024
Quebec,Real estate and rental and leasing,Profitability,stay about the same,79.8,Q1 2024
Quebec,Real estate and rental and leasing,Profitability,decrease,13.7,Q1 2024
Quebec,Real estate and rental and leasing,Investment,increase,3.3,Q1 2024
Quebec,Real estate and rental and leasing,Investment,stay about the same,79.4,Q1 2024
Quebec,Real estate and rental and leasing,Investment,decrease,2.1,Q1 2024
Quebec,"Professional, scientific and technical services",Employment,increase,9.5,Q1 2024
Quebec,"Professional, scientific and technical services",Employment,stay about the same,87.8,Q1 2024
Quebec,"Professional, scientific and technical services",Employment,decrease,2.7,Q1 2024
Quebec,"Professional, scientific and technical services",Sales,increase,22.6,Q1 2024
Quebec,"Professional, scientific and technical services",Sales,stay about the same,69.7,Q1 2024
Quebec,"Professional, scientific and technical services",Sales,decrease,7.5,Q1 2024
Quebec,"Professional, scientific and technical services",Profitability,increase,9.7,Q1 2024
Quebec,"Professional, scientific and technical services",Profitability,stay about the same,65.9,Q1 2024
Quebec,"Professional, scientific and technical services",Profitability,decrease,24.1,Q1 2024
Quebec,"Professional, scientific and technical services",Investment,increase,14.4,Q1 2024
Quebec,"Professional, scientific and technical services",Investment,stay about the same,66.9,Q1 2024
Quebec,"Professional, scientific and technical services",Investment,decrease,5.9,Q1 2024
Quebec,Health care and social assistance,Employment,increase,7.9,Q1 2024
Quebec,Health care and social assistance,Employment,stay about the same,91.4,Q1 2024
Quebec,Health care and social assistance,Employment,decrease,0.7,Q1 2024
Quebec,Health care and social assistance,Sales,increase,13.8,Q1 2024
Quebec,Health care and social assistance,Sales,stay about the same,72.1,Q1 2024
Quebec,Health care and social assistance,Sales,decrease,2.6,Q1 2024
Quebec,Health care and social assistance,Profitability,increase,6.3,Q1 2024
Quebec,Health care and social assistance,Profitability,stay about the same,69.4,Q1 2024
Quebec,Health care and social assistance,Profitability,decrease,10.2,Q1 2024
Quebec,Health care and social assistance,Investment,increase,27.1,Q1 2024
Quebec,Health care and social assistance,Investment,stay about the same,55.2,Q1 2024
Quebec,Health care and social assistance,Investment,decrease,1.6,Q1 2024
Quebec,"Arts, entertainment and recreation",Employment,increase,11,Q1 2024
Quebec,"Arts, entertainment and recreation",Employment,stay about the same,86.4,Q1 2024
Quebec,"Arts, entertainment and recreation",Employment,decrease,2.6,Q1 2024
Quebec,"Arts, entertainment and recreation",Sales,increase,16,Q1 2024
Quebec,"Arts, entertainment and recreation",Sales,stay about the same,51.6,Q1 2024
Quebec,"Arts, entertainment and recreation",Sales,decrease,9.2,Q1 2024
Quebec,"Arts, entertainment and recreation",Profitability,increase,8.1,Q1 2024
Quebec,"Arts, entertainment and recreation",Profitability,stay about the same,52.8,Q1 2024
Quebec,"Arts, entertainment and recreation",Profitability,decrease,16.9,Q1 2024
Quebec,"Arts, entertainment and recreation",Investment,increase,9.4,Q1 2024
Quebec,"Arts, entertainment and recreation",Investment,stay about the same,55.1,Q1 2024
Quebec,"Arts, entertainment and recreation",Investment,decrease,3.3,Q1 2024
Quebec,Accommodation and food services,Employment,increase,15.6,Q1 2024
Quebec,Accommodation and food services,Employment,stay about the same,67.5,Q1 2024
Quebec,Accommodation and food services,Employment,decrease,16.9,Q1 2024
Quebec,Accommodation and food services,Sales,increase,24.6,Q1 2024
Quebec,Accommodation and food services,Sales,stay about the same,42.8,Q1 2024
Quebec,Accommodation and food services,Sales,decrease,32.4,Q1 2024
Quebec,Accommodation and food services,Profitability,increase,19.9,Q1 2024
Quebec,Accommodation and food services,Profitability,stay about the same,27.4,Q1 2024
Quebec,Accommodation and food services,Profitability,decrease,52.6,Q1 2024
Quebec,Accommodation and food services,Investment,increase,34.1,Q1 2024
Quebec,Accommodation and food services,Investment,stay about the same,49.2,Q1 2024
Quebec,Accommodation and food services,Investment,decrease,12.8,Q1 2024
Ontario,"North American Industry Classification System (NAICS), all industries",Employment,increase,9.8,Q1 2024
Ontario,"North American Industry Classification System (NAICS), all industries",Employment,stay about the same,83.8,Q1 2024
Ontario,"North American Industry Classification System (NAICS), all industries",Employment,decrease,6.3,Q1 2024
Ontario,"North American Industry Classification System (NAICS), all industries",Sales,increase,16.5,Q1 2024
Ontario,"North American Industry Classification System (NAICS), all industries",Sales,stay about the same,64.9,Q1 2024
Ontario,"North American Industry Classification System (NAICS), all industries",Sales,decrease,15.4,Q1 2024
Ontario,"North American Industry Classification System (NAICS), all industries",Profitability,increase,11.2,Q1 2024
Ontario,"North American Industry Classification System (NAICS), all industries",Profitability,stay about the same,51.4,Q1 2024
Ontario,"North American Industry Classification System (NAICS), all industries",Profitability,decrease,35.7,Q1 2024
Ontario,"North American Industry Classification System (NAICS), all industries",Investment,increase,16.6,Q1 2024
Ontario,"North American Industry Classification System (NAICS), all industries",Investment,stay about the same,53.2,Q1 2024
Ontario,"North American Industry Classification System (NAICS), all industries",Investment,decrease,10.7,Q1 2024
Ontario,"Agriculture, forestry, fishing and hunting",Employment,increase,8.6,Q1 2024
Ontario,"Agriculture, forestry, fishing and hunting",Employment,stay about the same,88.2,Q1 2024
Ontario,"Agriculture, forestry, fishing and hunting",Employment,decrease,3.2,Q1 2024
Ontario,"Agriculture, forestry, fishing and hunting",Sales,increase,15.1,Q1 2024
Ontario,"Agriculture, forestry, fishing and hunting",Sales,stay about the same,69.8,Q1 2024
Ontario,"Agriculture, forestry, fishing and hunting",Sales,decrease,14.8,Q1 2024
Ontario,"Agriculture, forestry, fishing and hunting",Profitability,increase,10,Q1 2024
Ontario,"Agriculture, forestry, fishing and hunting",Profitability,stay about the same,45.9,Q1 2024
Ontario,"Agriculture, forestry, fishing and hunting",Profitability,decrease,43.9,Q1 2024
Ontario,"Agriculture, forestry, fishing and hunting",Investment,increase,34.5,Q1 2024
Ontario,"Agriculture, forestry, fishing and hunting",Investment,stay about the same,46.1,Q1 2024
Ontario,"Agriculture, forestry, fishing and hunting",Investment,decrease,16.1,Q1 2024
Ontario,"Mining, quarrying, and oil and gas extraction",Employment,increase,13.4,Q1 2024
Ontario,"Mining, quarrying, and oil and gas extraction",Employment,stay about the same,72.2,Q1 2024
Ontario,"Mining, quarrying, and oil and gas extraction",Employment,decrease,14.4,Q1 2024
Ontario,"Mining, quarrying, and oil and gas extraction",Sales,increase,9.5,Q1 2024
Ontario,"Mining, quarrying, and oil and gas extraction",Sales,stay about the same,66.5,Q1 2024
Ontario,"Mining, quarrying, and oil and gas extraction",Sales,decrease,24,Q1 2024
Ontario,"Mining, quarrying, and oil and gas extraction",Profitability,increase,12.3,Q1 2024
Ontario,"Mining, quarrying, and oil and gas extraction",Profitability,stay about the same,67.9,Q1 2024
Ontario,"Mining, quarrying, and oil and gas extraction",Profitability,decrease,19.8,Q1 2024
Ontario,"Mining, quarrying, and oil and gas extraction",Investment,increase,24.1,Q1 2024
Ontario,"Mining, quarrying, and oil and gas extraction",Investment,stay about the same,50,Q1 2024
Ontario,"Mining, quarrying, and oil and gas extraction",Investment,decrease,16.7,Q1 2024
Ontario,Construction,Employment,increase,7,Q1 2024
Ontario,Construction,Employment,stay about the same,86,Q1 2024
Ontario,Construction,Employment,decrease,7,Q1 2024
Ontario,Construction,Sales,increase,19.6,Q1 2024
Ontario,Construction,Sales,stay about the same,62.3,Q1 2024
Ontario,Construction,Sales,decrease,18,Q1 2024
Ontario,Construction,Profitability,increase,16.1,Q1 2024
Ontario,Construction,Profitability,stay about the same,44.4,Q1 2024
Ontario,Construction,Profitability,decrease,39.5,Q1 2024
Ontario,Construction,Investment,increase,15.8,Q1 2024
Ontario,Construction,Investment,stay about the same,49.6,Q1 2024
Ontario,Construction,Investment,decrease,12.4,Q1 2024
Ontario,Manufacturing,Employment,increase,7.7,Q1 2024
Ontario,Manufacturing,Employment,stay about the same,87.2,Q1 2024
Ontario,Manufacturing,Employment,decrease,5.1,Q1 2024
Ontario,Manufacturing,Sales,increase,24.9,Q1 2024
Ontario,Manufacturing,Sales,stay about the same,60.2,Q1 2024
Ontario,Manufacturing,Sales,decrease,14.8,Q1 2024
Ontario,Manufacturing,Profitability,increase,23.2,Q1 2024
Ontario,Manufacturing,Profitability,stay about the same,40.5,Q1 2024
Ontario,Manufacturing,Profitability,decrease,36.2,Q1 2024
Ontario,Manufacturing,Investment,increase,26.2,Q1 2024
Ontario,Manufacturing,Investment,stay about the same,37.2,Q1 2024
Ontario,Manufacturing,Investment,decrease,29.7,Q1 2024
Ontario,Wholesale trade,Employment,increase,7.9,Q1 2024
Ontario,Wholesale trade,Employment,stay about the same,83.6,Q1 2024
Ontario,Wholesale trade,Employment,decrease,8.5,Q1 2024
Ontario,Wholesale trade,Sales,increase,10.1,Q1 2024
Ontario,Wholesale trade,Sales,stay about the same,80,Q1 2024
Ontario,Wholesale trade,Sales,decrease,9.9,Q1 2024
Ontario,Wholesale trade,Profitability,increase,11.7,Q1 2024
Ontario,Wholesale trade,Profitability,stay about the same,57,Q1 2024
Ontario,Wholesale trade,Profitability,decrease,31.3,Q1 2024
Ontario,Wholesale trade,Investment,increase,12.3,Q1 2024
Ontario,Wholesale trade,Investment,stay about the same,53,Q1 2024
Ontario,Wholesale trade,Investment,decrease,12,Q1 2024
Ontario,Retail trade,Employment,increase,1.5,Q1 2024
Ontario,Retail trade,Employment,stay about the same,89.8,Q1 2024
Ontario,Retail trade,Employment,decrease,8.8,Q1 2024
Ontario,Retail trade,Sales,increase,11.2,Q1 2024
Ontario,Retail trade,Sales,stay about the same,70,Q1 2024
Ontario,Retail trade,Sales,decrease,18.8,Q1 2024
Ontario,Retail trade,Profitability,increase,6.2,Q1 2024
Ontario,Retail trade,Profitability,stay about the same,51.8,Q1 2024
Ontario,Retail trade,Profitability,decrease,42,Q1 2024
Ontario,Retail trade,Investment,increase,18.8,Q1 2024
Ontario,Retail trade,Investment,stay about the same,47.1,Q1 2024
Ontario,Retail trade,Investment,decrease,8.1,Q1 2024
Ontario,Transportation and warehousing,Employment,increase,8.3,Q1 2024
Ontario,Transportation and warehousing,Employment,stay about the same,74.1,Q1 2024
Ontario,Transportation and warehousing,Employment,decrease,17.6,Q1 2024
Ontario,Transportation and warehousing,Sales,increase,9,Q1 2024
Ontario,Transportation and warehousing,Sales,stay about the same,53.6,Q1 2024
Ontario,Transportation and warehousing,Sales,decrease,37.4,Q1 2024
Ontario,Transportation and warehousing,Profitability,increase,9.2,Q1 2024
Ontario,Transportation and warehousing,Profitability,stay about the same,33.7,Q1 2024
Ontario,Transportation and warehousing,Profitability,decrease,56.9,Q1 2024
Ontario,Transportation and warehousing,Investment,increase,20.3,Q1 2024
Ontario,Transportation and warehousing,Investment,stay about the same,46.4,Q1 2024
Ontario,Transportation and warehousing,Investment,decrease,13.2,Q1 2024
Ontario,Finance and insurance,Employment,increase,16.9,Q1 2024
Ontario,Finance and insurance,Employment,stay about the same,80.4,Q1 2024
Ontario,Finance and insurance,Employment,decrease,2.7,Q1 2024
Ontario,Finance and insurance,Sales,increase,30.6,Q1 2024
Ontario,Finance and insurance,Sales,stay about the same,64.6,Q1 2024
Ontario,Finance and insurance,Sales,decrease,4.6,Q1 2024
Ontario,Finance and insurance,Profitability,increase,17,Q1 2024
Ontario,Finance and insurance,Profitability,stay about the same,56.1,Q1 2024
Ontario,Finance and insurance,Profitability,decrease,26.8,Q1 2024
Ontario,Finance and insurance,Investment,increase,4,Q1 2024
Ontario,Finance and insurance,Investment,stay about the same,54,Q1 2024
Ontario,Finance and insurance,Investment,decrease,3.8,Q1 2024
Ontario,Real estate and rental and leasing,Employment,increase,4.7,Q1 2024
Ontario,Real estate and rental and leasing,Employment,stay about the same,93.4,Q1 2024
Ontario,Real estate and rental and leasing,Employment,decrease,1.9,Q1 2024
Ontario,Real estate and rental and leasing,Sales,increase,17.1,Q1 2024
Ontario,Real estate and rental and leasing,Sales,stay about the same,57.5,Q1 2024
Ontario,Real estate and rental and leasing,Sales,decrease,20.2,Q1 2024
Ontario,Real estate and rental and leasing,Profitability,increase,10.9,Q1 2024
Ontario,Real estate and rental and leasing,Profitability,stay about the same,59,Q1 2024
Ontario,Real estate and rental and leasing,Profitability,decrease,29,Q1 2024
Ontario,Real estate and rental and leasing,Investment,increase,12.7,Q1 2024
Ontario,Real estate and rental and leasing,Investment,stay about the same,45.3,Q1 2024
Ontario,Real estate and rental and leasing,Investment,decrease,20.7,Q1 2024
Ontario,"Professional, scientific and technical services",Employment,increase,12.9,Q1 2024
Ontario,"Professional, scientific and technical services",Employment,stay about the same,84.4,Q1 2024
Ontario,"Professional, scientific and technical services",Employment,decrease,2.7,Q1 2024
Ontario,"Professional, scientific and technical services",Sales,increase,14.8,Q1 2024
Ontario,"Professional, scientific and technical services",Sales,stay about the same,74.1,Q1 2024
Ontario,"Professional, scientific and technical services",Sales,decrease,10.3,Q1 2024
Ontario,"Professional, scientific and technical services",Profitability,increase,10,Q1 2024
Ontario,"Professional, scientific and technical services",Profitability,stay about the same,64.6,Q1 2024
Ontario,"Professional, scientific and technical services",Profitability,decrease,24.7,Q1 2024
Ontario,"Professional, scientific and technical services",Investment,increase,7.9,Q1 2024
Ontario,"Professional, scientific and technical services",Investment,stay about the same,62.6,Q1 2024
Ontario,"Professional, scientific and technical services",Investment,decrease,11.1,Q1 2024
Ontario,Health care and social assistance,Employment,increase,6,Q1 2024
Ontario,Health care and social assistance,Employment,stay about the same,92.8,Q1 2024
Ontario,Health care and social assistance,Employment,decrease,1.1,Q1 2024
Ontario,Health care and social assistance,Sales,increase,8,Q1 2024
Ontario,Health care and social assistance,Sales,stay about the same,77.5,Q1 2024
Ontario,Health care and social assistance,Sales,decrease,5.3,Q1 2024
Ontario,Health care and social assistance,Profitability,increase,7.1,Q1 2024
Ontario,Health care and social assistance,Profitability,stay about the same,56.9,Q1 2024
Ontario,Health care and social assistance,Profitability,decrease,30.9,Q1 2024
Ontario,Health care and social assistance,Investment,increase,16.8,Q1 2024
Ontario,Health care and social assistance,Investment,stay about the same,62.8,Q1 2024
Ontario,Health care and social assistance,Investment,decrease,5,Q1 2024
Ontario,"Arts, entertainment and recreation",Employment,increase,18.6,Q1 2024
Ontario,"Arts, entertainment and recreation",Employment,stay about the same,79.7,Q1 2024
Ontario,"Arts, entertainment and recreation",Employment,decrease,1.7,Q1 2024
Ontario,"Arts, entertainment and recreation",Sales,increase,21.6,Q1 2024
Ontario,"Arts, entertainment and recreation",Sales,stay about the same,71.2,Q1 2024
Ontario,"Arts, entertainment and recreation",Sales,decrease,4.7,Q1 2024
Ontario,"Arts, entertainment and recreation",Profitability,increase,26.6,Q1 2024
Ontario,"Arts, entertainment and recreation",Profitability,stay about the same,49.6,Q1 2024
Ontario,"Arts, entertainment and recreation",Profitability,decrease,20.5,Q1 2024
Ontario,"Arts, entertainment and recreation",Investment,increase,13.7,Q1 2024
Ontario,"Arts, entertainment and recreation",Investment,stay about the same,73.2,Q1 2024
Ontario,"Arts, entertainment and recreation",Investment,decrease,4.1,Q1 2024
Ontario,Accommodation and food services,Employment,increase,10.2,Q1 2024
Ontario,Accommodation and food services,Employment,stay about the same,74.6,Q1 2024
Ontario,Accommodation and food services,Employment,decrease,15.2,Q1 2024
Ontario,Accommodation and food services,Sales,increase,19.6,Q1 2024
Ontario,Accommodation and food services,Sales,stay about the same,55.1,Q1 2024
Ontario,Accommodation and food services,Sales,decrease,25,Q1 2024
Ontario,Accommodation and food services,Profitability,increase,7.1,Q1 2024
Ontario,Accommodation and food services,Profitability,stay about the same,28.3,Q1 2024
Ontario,Accommodation and food services,Profitability,decrease,64.3,Q1 2024
Ontario,Accommodation and food services,Investment,increase,29.4,Q1 2024
Ontario,Accommodation and food services,Investment,stay about the same,49.4,Q1 2024
Ontario,Accommodation and food services,Investment,decrease,11.6,Q1 2024
Manitoba,"North American Industry Classification System (NAICS), all industries",Employment,increase,13.3,Q1 2024
Manitoba,"North American Industry Classification System (NAICS), all industries",Employment,stay about the same,77.4,Q1 2024
Manitoba,"North American Industry Classification System (NAICS), all industries",Employment,decrease,9.3,Q1 2024
Manitoba,"North American Industry Classification System (NAICS), all industries",Sales,increase,17.9,Q1 2024
Manitoba,"North American Industry Classification System (NAICS), all industries",Sales,stay about the same,59.1,Q1 2024
Manitoba,"North American Industry Classification System (NAICS), all industries",Sales,decrease,15.9,Q1 2024
Manitoba,"North American Industry Classification System (NAICS), all industries",Profitability,increase,9.6,Q1 2024
Manitoba,"North American Industry Classification System (NAICS), all industries",Profitability,stay about the same,52.9,Q1 2024
Manitoba,"North American Industry Classification System (NAICS), all industries",Profitability,decrease,32.5,Q1 2024
Manitoba,"North American Industry Classification System (NAICS), all industries",Investment,increase,21.4,Q1 2024
Manitoba,"North American Industry Classification System (NAICS), all industries",Investment,stay about the same,52.2,Q1 2024
Manitoba,"North American Industry Classification System (NAICS), all industries",Investment,decrease,9.2,Q1 2024
Manitoba,"Agriculture, forestry, fishing and hunting",Employment,increase,13.6,Q1 2024
Manitoba,"Agriculture, forestry, fishing and hunting",Employment,stay about the same,80,Q1 2024
Manitoba,"Agriculture, forestry, fishing and hunting",Employment,decrease,6.4,Q1 2024
Manitoba,"Agriculture, forestry, fishing and hunting",Sales,increase,7.4,Q1 2024
Manitoba,"Agriculture, forestry, fishing and hunting",Sales,stay about the same,76.9,Q1 2024
Manitoba,"Agriculture, forestry, fishing and hunting",Sales,decrease,15.6,Q1 2024
Manitoba,"Agriculture, forestry, fishing and hunting",Profitability,increase,1.6,Q1 2024
Manitoba,"Agriculture, forestry, fishing and hunting",Profitability,stay about the same,51.9,Q1 2024
Manitoba,"Agriculture, forestry, fishing and hunting",Profitability,decrease,46.4,Q1 2024
Manitoba,"Agriculture, forestry, fishing and hunting",Investment,increase,44.3,Q1 2024
Manitoba,"Agriculture, forestry, fishing and hunting",Investment,stay about the same,34.4,Q1 2024
Manitoba,"Agriculture, forestry, fishing and hunting",Investment,decrease,17.3,Q1 2024
Manitoba,"Mining, quarrying, and oil and gas extraction",Employment,increase,26.4,Q1 2024
Manitoba,"Mining, quarrying, and oil and gas extraction",Employment,stay about the same,67.8,Q1 2024
Manitoba,"Mining, quarrying, and oil and gas extraction",Employment,decrease,5.8,Q1 2024
Manitoba,"Mining, quarrying, and oil and gas extraction",Sales,increase,14.9,Q1 2024
Manitoba,"Mining, quarrying, and oil and gas extraction",Sales,stay about the same,79.1,Q1 2024
Manitoba,"Mining, quarrying, and oil and gas extraction",Sales,decrease,6,Q1 2024
Manitoba,"Mining, quarrying, and oil and gas extraction",Profitability,increase,8.5,Q1 2024
Manitoba,"Mining, quarrying, and oil and gas extraction",Profitability,stay about the same,78.3,Q1 2024
Manitoba,"Mining, quarrying, and oil and gas extraction",Profitability,decrease,13.2,Q1 2024
Manitoba,"Mining, quarrying, and oil and gas extraction",Investment,increase,17.9,Q1 2024
Manitoba,"Mining, quarrying, and oil and gas extraction",Investment,stay about the same,72.7,Q1 2024
Manitoba,"Mining, quarrying, and oil and gas extraction",Investment,decrease,4.6,Q1 2024
Manitoba,Construction,Employment,increase,5.4,Q1 2024
Manitoba,Construction,Employment,stay about the same,72,Q1 2024
Manitoba,Construction,Employment,decrease,22.7,Q1 2024
Manitoba,Construction,Sales,increase,24.3,Q1 2024
Manitoba,Construction,Sales,stay about the same,48.8,Q1 2024
Manitoba,Construction,Sales,decrease,26.6,Q1 2024
Manitoba,Construction,Profitability,increase,16.9,Q1 2024
Manitoba,Construction,Profitability,stay about the same,44.5,Q1 2024
Manitoba,Construction,Profitability,decrease,38.3,Q1 2024
Manitoba,Construction,Investment,increase,34.5,Q1 2024
Manitoba,Construction,Investment,stay about the same,48.3,Q1 2024
Manitoba,Construction,Investment,decrease,12.3,Q1 2024
Manitoba,Manufacturing,Employment,increase,20.1,Q1 2024
Manitoba,Manufacturing,Employment,stay about the same,74.8,Q1 2024
Manitoba,Manufacturing,Employment,decrease,5,Q1 2024
Manitoba,Manufacturing,Sales,increase,37.2,Q1 2024
Manitoba,Manufacturing,Sales,stay about the same,55.2,Q1 2024
Manitoba,Manufacturing,Sales,decrease,7.6,Q1 2024
Manitoba,Manufacturing,Profitability,increase,18.5,Q1 2024
Manitoba,Manufacturing,Profitability,stay about the same,66.2,Q1 2024
Manitoba,Manufacturing,Profitability,decrease,15.3,Q1 2024
Manitoba,Manufacturing,Investment,increase,30.1,Q1 2024
Manitoba,Manufacturing,Investment,stay about the same,49.3,Q1 2024
Manitoba,Manufacturing,Investment,decrease,16.4,Q1 2024
Manitoba,Wholesale trade,Employment,increase,12,Q1 2024
Manitoba,Wholesale trade,Employment,stay about the same,84.5,Q1 2024
Manitoba,Wholesale trade,Employment,decrease,3.5,Q1 2024
Manitoba,Wholesale trade,Sales,increase,29.7,Q1 2024
Manitoba,Wholesale trade,Sales,stay about the same,57.6,Q1 2024
Manitoba,Wholesale trade,Sales,decrease,12.7,Q1 2024
Manitoba,Wholesale trade,Profitability,increase,20.5,Q1 2024
Manitoba,Wholesale trade,Profitability,stay about the same,58.2,Q1 2024
Manitoba,Wholesale trade,Profitability,decrease,21.3,Q1 2024
Manitoba,Wholesale trade,Investment,increase,10.3,Q1 2024
Manitoba,Wholesale trade,Investment,stay about the same,70.4,Q1 2024
Manitoba,Wholesale trade,Investment,decrease,9.8,Q1 2024
Manitoba,Retail trade,Employment,increase,17.4,Q1 2024
Manitoba,Retail trade,Employment,stay about the same,70,Q1 2024
Manitoba,Retail trade,Employment,decrease,12.7,Q1 2024
Manitoba,Retail trade,Sales,increase,18.7,Q1 2024
Manitoba,Retail trade,Sales,stay about the same,64.3,Q1 2024
Manitoba,Retail trade,Sales,decrease,16.8,Q1 2024
Manitoba,Retail trade,Profitability,increase,4.7,Q1 2024
Manitoba,Retail trade,Profitability,stay about the same,51.8,Q1 2024
Manitoba,Retail trade,Profitability,decrease,43.3,Q1 2024
Manitoba,Retail trade,Investment,increase,19.9,Q1 2024
Manitoba,Retail trade,Investment,stay about the same,52.9,Q1 2024
Manitoba,Retail trade,Investment,decrease,12.2,Q1 2024
Manitoba,Transportation and warehousing,Employment,increase,15.5,Q1 2024
Manitoba,Transportation and warehousing,Employment,stay about the same,58.9,Q1 2024
Manitoba,Transportation and warehousing,Employment,decrease,25.6,Q1 2024
Manitoba,Transportation and warehousing,Sales,increase,19.5,Q1 2024
Manitoba,Transportation and warehousing,Sales,stay about the same,51.5,Q1 2024
Manitoba,Transportation and warehousing,Sales,decrease,28.1,Q1 2024
Manitoba,Transportation and warehousing,Profitability,increase,3.3,Q1 2024
Manitoba,Transportation and warehousing,Profitability,stay about the same,41.3,Q1 2024
Manitoba,Transportation and warehousing,Profitability,decrease,54.5,Q1 2024
Manitoba,Transportation and warehousing,Investment,increase,29.2,Q1 2024
Manitoba,Transportation and warehousing,Investment,stay about the same,39.2,Q1 2024
Manitoba,Transportation and warehousing,Investment,decrease,12.1,Q1 2024
Manitoba,Finance and insurance,Employment,increase,7.5,Q1 2024
Manitoba,Finance and insurance,Employment,stay about the same,92.5,Q1 2024
Manitoba,Finance and insurance,Employment,decrease,0,Q1 2024
Manitoba,Finance and insurance,Sales,increase,23.7,Q1 2024
Manitoba,Finance and insurance,Sales,stay about the same,61.2,Q1 2024
Manitoba,Finance and insurance,Sales,decrease,12.5,Q1 2024
Manitoba,Finance and insurance,Profitability,increase,12.1,Q1 2024
Manitoba,Finance and insurance,Profitability,stay about the same,72.3,Q1 2024
Manitoba,Finance and insurance,Profitability,decrease,13.4,Q1 2024
Manitoba,Finance and insurance,Investment,increase,12.4,Q1 2024
Manitoba,Finance and insurance,Investment,stay about the same,59.9,Q1 2024
Manitoba,Finance and insurance,Investment,decrease,6.9,Q1 2024
Manitoba,Real estate and rental and leasing,Employment,increase,0.2,Q1 2024
Manitoba,Real estate and rental and leasing,Employment,stay about the same,97,Q1 2024
Manitoba,Real estate and rental and leasing,Employment,decrease,2.8,Q1 2024
Manitoba,Real estate and rental and leasing,Sales,increase,7.7,Q1 2024
Manitoba,Real estate and rental and leasing,Sales,stay about the same,67.6,Q1 2024
Manitoba,Real estate and rental and leasing,Sales,decrease,12.9,Q1 2024
Manitoba,Real estate and rental and leasing,Profitability,increase,0.3,Q1 2024
Manitoba,Real estate and rental and leasing,Profitability,stay about the same,68.9,Q1 2024
Manitoba,Real estate and rental and leasing,Profitability,decrease,27.7,Q1 2024
Manitoba,Real estate and rental and leasing,Investment,increase,9.9,Q1 2024
Manitoba,Real estate and rental and leasing,Investment,stay about the same,65.3,Q1 2024
Manitoba,Real estate and rental and leasing,Investment,decrease,0.6,Q1 2024
Manitoba,"Professional, scientific and technical services",Employment,increase,7.9,Q1 2024
Manitoba,"Professional, scientific and technical services",Employment,stay about the same,83.4,Q1 2024
Manitoba,"Professional, scientific and technical services",Employment,decrease,8.7,Q1 2024
Manitoba,"Professional, scientific and technical services",Sales,increase,19.1,Q1 2024
Manitoba,"Professional, scientific and technical services",Sales,stay about the same,54.2,Q1 2024
Manitoba,"Professional, scientific and technical services",Sales,decrease,26.4,Q1 2024
Manitoba,"Professional, scientific and technical services",Profitability,increase,7.4,Q1 2024
Manitoba,"Professional, scientific and technical services",Profitability,stay about the same,60.7,Q1 2024
Manitoba,"Professional, scientific and technical services",Profitability,decrease,31.5,Q1 2024
Manitoba,"Professional, scientific and technical services",Investment,increase,5.4,Q1 2024
Manitoba,"Professional, scientific and technical services",Investment,stay about the same,50.3,Q1 2024
Manitoba,"Professional, scientific and technical services",Investment,decrease,19.4,Q1 2024
Manitoba,Health care and social assistance,Employment,increase,18.4,Q1 2024
Manitoba,Health care and social assistance,Employment,stay about the same,80.5,Q1 2024
Manitoba,Health care and social assistance,Employment,decrease,1.1,Q1 2024
Manitoba,Health care and social assistance,Sales,increase,9.7,Q1 2024
Manitoba,Health care and social assistance,Sales,stay about the same,66.5,Q1 2024
Manitoba,Health care and social assistance,Sales,decrease,1.3,Q1 2024
Manitoba,Health care and social assistance,Profitability,increase,4.7,Q1 2024
Manitoba,Health care and social assistance,Profitability,stay about the same,57.9,Q1 2024
Manitoba,Health care and social assistance,Profitability,decrease,21,Q1 2024
Manitoba,Health care and social assistance,Investment,increase,11.1,Q1 2024
Manitoba,Health care and social assistance,Investment,stay about the same,56.7,Q1 2024
Manitoba,Health care and social assistance,Investment,decrease,0.5,Q1 2024
Manitoba,"Arts, entertainment and recreation",Employment,increase,4.7,Q1 2024
Manitoba,"Arts, entertainment and recreation",Employment,stay about the same,95.3,Q1 2024
Manitoba,"Arts, entertainment and recreation",Employment,decrease,0,Q1 2024
Manitoba,"Arts, entertainment and recreation",Sales,increase,25.7,Q1 2024
Manitoba,"Arts, entertainment and recreation",Sales,stay about the same,55.5,Q1 2024
Manitoba,"Arts, entertainment and recreation",Sales,decrease,4.6,Q1 2024
Manitoba,"Arts, entertainment and recreation",Profitability,increase,11.9,Q1 2024
Manitoba,"Arts, entertainment and recreation",Profitability,stay about the same,48.9,Q1 2024
Manitoba,"Arts, entertainment and recreation",Profitability,decrease,23.7,Q1 2024
Manitoba,"Arts, entertainment and recreation",Investment,increase,19.4,Q1 2024
Manitoba,"Arts, entertainment and recreation",Investment,stay about the same,41.9,Q1 2024
Manitoba,"Arts, entertainment and recreation",Investment,decrease,11.9,Q1 2024
Manitoba,Accommodation and food services,Employment,increase,21.4,Q1 2024
Manitoba,Accommodation and food services,Employment,stay about the same,74.1,Q1 2024
Manitoba,Accommodation and food services,Employment,decrease,4.5,Q1 2024
Manitoba,Accommodation and food services,Sales,increase,21.1,Q1 2024
Manitoba,Accommodation and food services,Sales,stay about the same,63.2,Q1 2024
Manitoba,Accommodation and food services,Sales,decrease,15.7,Q1 2024
Manitoba,Accommodation and food services,Profitability,increase,19.6,Q1 2024
Manitoba,Accommodation and food services,Profitability,stay about the same,41.2,Q1 2024
Manitoba,Accommodation and food services,Profitability,decrease,39.2,Q1 2024
Manitoba,Accommodation and food services,Investment,increase,28.5,Q1 2024
Manitoba,Accommodation and food services,Investment,stay about the same,48.5,Q1 2024
Manitoba,Accommodation and food services,Investment,decrease,10.7,Q1 2024
Saskatchewan,"North American Industry Classification System (NAICS), all industries",Employment,increase,13.2,Q1 2024
Saskatchewan,"North American Industry Classification System (NAICS), all industries",Employment,stay about the same,82,Q1 2024
Saskatchewan,"North American Industry Classification System (NAICS), all industries",Employment,decrease,4.8,Q1 2024
Saskatchewan,"North American Industry Classification System (NAICS), all industries",Sales,increase,12.6,Q1 2024
Saskatchewan,"North American Industry Classification System (NAICS), all industries",Sales,stay about the same,68.8,Q1 2024
Saskatchewan,"North American Industry Classification System (NAICS), all industries",Sales,decrease,13.1,Q1 2024
Saskatchewan,"North American Industry Classification System (NAICS), all industries",Profitability,increase,8,Q1 2024
Saskatchewan,"North American Industry Classification System (NAICS), all industries",Profitability,stay about the same,58.6,Q1 2024
Saskatchewan,"North American Industry Classification System (NAICS), all industries",Profitability,decrease,28.9,Q1 2024
Saskatchewan,"North American Industry Classification System (NAICS), all industries",Investment,increase,19.1,Q1 2024
Saskatchewan,"North American Industry Classification System (NAICS), all industries",Investment,stay about the same,58.8,Q1 2024
Saskatchewan,"North American Industry Classification System (NAICS), all industries",Investment,decrease,9.3,Q1 2024
Saskatchewan,"Agriculture, forestry, fishing and hunting",Employment,increase,20.1,Q1 2024
Saskatchewan,"Agriculture, forestry, fishing and hunting",Employment,stay about the same,79.2,Q1 2024
Saskatchewan,"Agriculture, forestry, fishing and hunting",Employment,decrease,0.7,Q1 2024
Saskatchewan,"Agriculture, forestry, fishing and hunting",Sales,increase,5.8,Q1 2024
Saskatchewan,"Agriculture, forestry, fishing and hunting",Sales,stay about the same,78.2,Q1 2024
Saskatchewan,"Agriculture, forestry, fishing and hunting",Sales,decrease,16,Q1 2024
Saskatchewan,"Agriculture, forestry, fishing and hunting",Profitability,increase,0.4,Q1 2024
Saskatchewan,"Agriculture, forestry, fishing and hunting",Profitability,stay about the same,62.3,Q1 2024
Saskatchewan,"Agriculture, forestry, fishing and hunting",Profitability,decrease,37.3,Q1 2024
Saskatchewan,"Agriculture, forestry, fishing and hunting",Investment,increase,27.4,Q1 2024
Saskatchewan,"Agriculture, forestry, fishing and hunting",Investment,stay about the same,62.7,Q1 2024
Saskatchewan,"Agriculture, forestry, fishing and hunting",Investment,decrease,3.4,Q1 2024
Saskatchewan,"Mining, quarrying, and oil and gas extraction",Employment,increase,3.7,Q1 2024
Saskatchewan,"Mining, quarrying, and oil and gas extraction",Employment,stay about the same,96.1,Q1 2024
Saskatchewan,"Mining, quarrying, and oil and gas extraction",Employment,decrease,0.2,Q1 2024
Saskatchewan,"Mining, quarrying, and oil and gas extraction",Sales,increase,2.4,Q1 2024
Saskatchewan,"Mining, quarrying, and oil and gas extraction",Sales,stay about the same,94.5,Q1 2024
Saskatchewan,"Mining, quarrying, and oil and gas extraction",Sales,decrease,3.1,Q1 2024
Saskatchewan,"Mining, quarrying, and oil and gas extraction",Profitability,increase,3.6,Q1 2024
Saskatchewan,"Mining, quarrying, and oil and gas extraction",Profitability,stay about the same,77.5,Q1 2024
Saskatchewan,"Mining, quarrying, and oil and gas extraction",Profitability,decrease,18.8,Q1 2024
Saskatchewan,"Mining, quarrying, and oil and gas extraction",Investment,increase,21.7,Q1 2024
Saskatchewan,"Mining, quarrying, and oil and gas extraction",Investment,stay about the same,63.2,Q1 2024
Saskatchewan,"Mining, quarrying, and oil and gas extraction",Investment,decrease,8.6,Q1 2024
Saskatchewan,Construction,Employment,increase,15,Q1 2024
Saskatchewan,Construction,Employment,stay about the same,68.3,Q1 2024
Saskatchewan,Construction,Employment,decrease,16.7,Q1 2024
Saskatchewan,Construction,Sales,increase,6.8,Q1 2024
Saskatchewan,Construction,Sales,stay about the same,67,Q1 2024
Saskatchewan,Construction,Sales,decrease,26,Q1 2024
Saskatchewan,Construction,Profitability,increase,6.2,Q1 2024
Saskatchewan,Construction,Profitability,stay about the same,59.7,Q1 2024
Saskatchewan,Construction,Profitability,decrease,34.1,Q1 2024
Saskatchewan,Construction,Investment,increase,17.2,Q1 2024
Saskatchewan,Construction,Investment,stay about the same,56.9,Q1 2024
Saskatchewan,Construction,Investment,decrease,15,Q1 2024
Saskatchewan,Manufacturing,Employment,increase,22,Q1 2024
Saskatchewan,Manufacturing,Employment,stay about the same,64.9,Q1 2024
Saskatchewan,Manufacturing,Employment,decrease,13.2,Q1 2024
Saskatchewan,Manufacturing,Sales,increase,16.9,Q1 2024
Saskatchewan,Manufacturing,Sales,stay about the same,76.4,Q1 2024
Saskatchewan,Manufacturing,Sales,decrease,6.8,Q1 2024
Saskatchewan,Manufacturing,Profitability,increase,9.9,Q1 2024
Saskatchewan,Manufacturing,Profitability,stay about the same,79.8,Q1 2024
Saskatchewan,Manufacturing,Profitability,decrease,10.3,Q1 2024
Saskatchewan,Manufacturing,Investment,increase,18.8,Q1 2024
Saskatchewan,Manufacturing,Investment,stay about the same,66.6,Q1 2024
Saskatchewan,Manufacturing,Investment,decrease,5.9,Q1 2024
Saskatchewan,Wholesale trade,Employment,increase,15.6,Q1 2024
Saskatchewan,Wholesale trade,Employment,stay about the same,84.2,Q1 2024
Saskatchewan,Wholesale trade,Employment,decrease,0.1,Q1 2024
Saskatchewan,Wholesale trade,Sales,increase,22,Q1 2024
Saskatchewan,Wholesale trade,Sales,stay about the same,58.6,Q1 2024
Saskatchewan,Wholesale trade,Sales,decrease,19.4,Q1 2024
Saskatchewan,Wholesale trade,Profitability,increase,19.3,Q1 2024
Saskatchewan,Wholesale trade,Profitability,stay about the same,58.3,Q1 2024
Saskatchewan,Wholesale trade,Profitability,decrease,21.3,Q1 2024
Saskatchewan,Wholesale trade,Investment,increase,8.5,Q1 2024
Saskatchewan,Wholesale trade,Investment,stay about the same,66.1,Q1 2024
Saskatchewan,Wholesale trade,Investment,decrease,10.2,Q1 2024
Saskatchewan,Retail trade,Employment,increase,17.3,Q1 2024
Saskatchewan,Retail trade,Employment,stay about the same,81.6,Q1 2024
Saskatchewan,Retail trade,Employment,decrease,1,Q1 2024
Saskatchewan,Retail trade,Sales,increase,23.4,Q1 2024
Saskatchewan,Retail trade,Sales,stay about the same,63.1,Q1 2024
Saskatchewan,Retail trade,Sales,decrease,13.4,Q1 2024
Saskatchewan,Retail trade,Profitability,increase,10.2,Q1 2024
Saskatchewan,Retail trade,Profitability,stay about the same,52.3,Q1 2024
Saskatchewan,Retail trade,Profitability,decrease,37.4,Q1 2024
Saskatchewan,Retail trade,Investment,increase,33.8,Q1 2024
Saskatchewan,Retail trade,Investment,stay about the same,54.4,Q1 2024
Saskatchewan,Retail trade,Investment,decrease,10,Q1 2024
Saskatchewan,Transportation and warehousing,Employment,increase,5.1,Q1 2024
Saskatchewan,Transportation and warehousing,Employment,stay about the same,74.2,Q1 2024
Saskatchewan,Transportation and warehousing,Employment,decrease,20.7,Q1 2024
Saskatchewan,Transportation and warehousing,Sales,increase,2.2,Q1 2024
Saskatchewan,Transportation and warehousing,Sales,stay about the same,79.5,Q1 2024
Saskatchewan,Transportation and warehousing,Sales,decrease,18.2,Q1 2024
Saskatchewan,Transportation and warehousing,Profitability,increase,10,Q1 2024
Saskatchewan,Transportation and warehousing,Profitability,stay about the same,44.1,Q1 2024
Saskatchewan,Transportation and warehousing,Profitability,decrease,45.9,Q1 2024
Saskatchewan,Transportation and warehousing,Investment,increase,12.6,Q1 2024
Saskatchewan,Transportation and warehousing,Investment,stay about the same,48.3,Q1 2024
Saskatchewan,Transportation and warehousing,Investment,decrease,36.2,Q1 2024
Saskatchewan,Finance and insurance,Employment,increase,5.8,Q1 2024
Saskatchewan,Finance and insurance,Employment,stay about the same,93.9,Q1 2024
Saskatchewan,Finance and insurance,Employment,decrease,0.3,Q1 2024
Saskatchewan,Finance and insurance,Sales,increase,17.4,Q1 2024
Saskatchewan,Finance and insurance,Sales,stay about the same,80.3,Q1 2024
Saskatchewan,Finance and insurance,Sales,decrease,1.2,Q1 2024
Saskatchewan,Finance and insurance,Profitability,increase,15.6,Q1 2024
Saskatchewan,Finance and insurance,Profitability,stay about the same,66.6,Q1 2024
Saskatchewan,Finance and insurance,Profitability,decrease,17.2,Q1 2024
Saskatchewan,Finance and insurance,Investment,increase,5.1,Q1 2024
Saskatchewan,Finance and insurance,Investment,stay about the same,54.2,Q1 2024
Saskatchewan,Finance and insurance,Investment,decrease,19.8,Q1 2024
Saskatchewan,Real estate and rental and leasing,Employment,increase,10.5,Q1 2024
Saskatchewan,Real estate and rental and leasing,Employment,stay about the same,88.2,Q1 2024
Saskatchewan,Real estate and rental and leasing,Employment,decrease,1.3,Q1 2024
Saskatchewan,Real estate and rental and leasing,Sales,increase,17.7,Q1 2024
Saskatchewan,Real estate and rental and leasing,Sales,stay about the same,73.7,Q1 2024
Saskatchewan,Real estate and rental and leasing,Sales,decrease,5.9,Q1 2024
Saskatchewan,Real estate and rental and leasing,Profitability,increase,1.6,Q1 2024
Saskatchewan,Real estate and rental and leasing,Profitability,stay about the same,61.6,Q1 2024
Saskatchewan,Real estate and rental and leasing,Profitability,decrease,34.9,Q1 2024
Saskatchewan,Real estate and rental and leasing,Investment,increase,12,Q1 2024
Saskatchewan,Real estate and rental and leasing,Investment,stay about the same,68.9,Q1 2024
Saskatchewan,Real estate and rental and leasing,Investment,decrease,2.5,Q1 2024
Saskatchewan,"Professional, scientific and technical services",Employment,increase,8.9,Q1 2024
Saskatchewan,"Professional, scientific and technical services",Employment,stay about the same,88.2,Q1 2024
Saskatchewan,"Professional, scientific and technical services",Employment,decrease,2.9,Q1 2024
Saskatchewan,"Professional, scientific and technical services",Sales,increase,28.6,Q1 2024
Saskatchewan,"Professional, scientific and technical services",Sales,stay about the same,66.9,Q1 2024
Saskatchewan,"Professional, scientific and technical services",Sales,decrease,4.3,Q1 2024
Saskatchewan,"Professional, scientific and technical services",Profitability,increase,14.5,Q1 2024
Saskatchewan,"Professional, scientific and technical services",Profitability,stay about the same,71,Q1 2024
Saskatchewan,"Professional, scientific and technical services",Profitability,decrease,14.2,Q1 2024
Saskatchewan,"Professional, scientific and technical services",Investment,increase,12.2,Q1 2024
Saskatchewan,"Professional, scientific and technical services",Investment,stay about the same,50.3,Q1 2024
Saskatchewan,"Professional, scientific and technical services",Investment,decrease,14.2,Q1 2024
Saskatchewan,Health care and social assistance,Employment,increase,7.4,Q1 2024
Saskatchewan,Health care and social assistance,Employment,stay about the same,90.2,Q1 2024
Saskatchewan,Health care and social assistance,Employment,decrease,2.4,Q1 2024
Saskatchewan,Health care and social assistance,Sales,increase,4.9,Q1 2024
Saskatchewan,Health care and social assistance,Sales,stay about the same,60.9,Q1 2024
Saskatchewan,Health care and social assistance,Sales,decrease,10.3,Q1 2024
Saskatchewan,Health care and social assistance,Profitability,increase,5.2,Q1 2024
Saskatchewan,Health care and social assistance,Profitability,stay about the same,53.3,Q1 2024
Saskatchewan,Health care and social assistance,Profitability,decrease,20,Q1 2024
Saskatchewan,Health care and social assistance,Investment,increase,9,Q1 2024
Saskatchewan,Health care and social assistance,Investment,stay about the same,55.2,Q1 2024
Saskatchewan,Health care and social assistance,Investment,decrease,1.5,Q1 2024
Saskatchewan,"Arts, entertainment and recreation",Employment,increase,8.8,Q1 2024
Saskatchewan,"Arts, entertainment and recreation",Employment,stay about the same,84.1,Q1 2024
Saskatchewan,"Arts, entertainment and recreation",Employment,decrease,7.1,Q1 2024
Saskatchewan,"Arts, entertainment and recreation",Sales,increase,10.7,Q1 2024
Saskatchewan,"Arts, entertainment and recreation",Sales,stay about the same,78.2,Q1 2024
Saskatchewan,"Arts, entertainment and recreation",Sales,decrease,3.1,Q1 2024
Saskatchewan,"Arts, entertainment and recreation",Profitability,increase,9.3,Q1 2024
Saskatchewan,"Arts, entertainment and recreation",Profitability,stay about the same,50.8,Q1 2024
Saskatchewan,"Arts, entertainment and recreation",Profitability,decrease,34.2,Q1 2024
Saskatchewan,"Arts, entertainment and recreation",Investment,increase,15.7,Q1 2024
Saskatchewan,"Arts, entertainment and recreation",Investment,stay about the same,67.7,Q1 2024
Saskatchewan,"Arts, entertainment and recreation",Investment,decrease,8.3,Q1 2024
Saskatchewan,Accommodation and food services,Employment,increase,10.3,Q1 2024
Saskatchewan,Accommodation and food services,Employment,stay about the same,83.7,Q1 2024
Saskatchewan,Accommodation and food services,Employment,decrease,6,Q1 2024
Saskatchewan,Accommodation and food services,Sales,increase,12,Q1 2024
Saskatchewan,Accommodation and food services,Sales,stay about the same,68.7,Q1 2024
Saskatchewan,Accommodation and food services,Sales,decrease,18.5,Q1 2024
Saskatchewan,Accommodation and food services,Profitability,increase,4.4,Q1 2024
Saskatchewan,Accommodation and food services,Profitability,stay about the same,47.7,Q1 2024
Saskatchewan,Accommodation and food services,Profitability,decrease,47.3,Q1 2024
Saskatchewan,Accommodation and food services,Investment,increase,24.8,Q1 2024
Saskatchewan,Accommodation and food services,Investment,stay about the same,61,Q1 2024
Saskatchewan,Accommodation and food services,Investment,decrease,6.3,Q1 2024
Alberta,"North American Industry Classification System (NAICS), all industries",Employment,increase,14.6,Q1 2024
Alberta,"North American Industry Classification System (NAICS), all industries",Employment,stay about the same,80.4,Q1 2024
Alberta,"North American Industry Classification System (NAICS), all industries",Employment,decrease,5,Q1 2024
Alberta,"North American Industry Classification System (NAICS), all industries",Sales,increase,17.6,Q1 2024
Alberta,"North American Industry Classification System (NAICS), all industries",Sales,stay about the same,62.3,Q1 2024
Alberta,"North American Industry Classification System (NAICS), all industries",Sales,decrease,15.7,Q1 2024
Alberta,"North American Industry Classification System (NAICS), all industries",Profitability,increase,11.8,Q1 2024
Alberta,"North American Industry Classification System (NAICS), all industries",Profitability,stay about the same,52.5,Q1 2024
Alberta,"North American Industry Classification System (NAICS), all industries",Profitability,decrease,33.7,Q1 2024
Alberta,"North American Industry Classification System (NAICS), all industries",Investment,increase,21,Q1 2024
Alberta,"North American Industry Classification System (NAICS), all industries",Investment,stay about the same,58.9,Q1 2024
Alberta,"North American Industry Classification System (NAICS), all industries",Investment,decrease,8.8,Q1 2024
Alberta,"Agriculture, forestry, fishing and hunting",Employment,increase,2,Q1 2024
Alberta,"Agriculture, forestry, fishing and hunting",Employment,stay about the same,89.8,Q1 2024
Alberta,"Agriculture, forestry, fishing and hunting",Employment,decrease,8.2,Q1 2024
Alberta,"Agriculture, forestry, fishing and hunting",Sales,increase,2.8,Q1 2024
Alberta,"Agriculture, forestry, fishing and hunting",Sales,stay about the same,69.3,Q1 2024
Alberta,"Agriculture, forestry, fishing and hunting",Sales,decrease,27.8,Q1 2024
Alberta,"Agriculture, forestry, fishing and hunting",Profitability,increase,23.1,Q1 2024
Alberta,"Agriculture, forestry, fishing and hunting",Profitability,stay about the same,23.9,Q1 2024
Alberta,"Agriculture, forestry, fishing and hunting",Profitability,decrease,52.8,Q1 2024
Alberta,"Agriculture, forestry, fishing and hunting",Investment,increase,20.4,Q1 2024
Alberta,"Agriculture, forestry, fishing and hunting",Investment,stay about the same,67.5,Q1 2024
Alberta,"Agriculture, forestry, fishing and hunting",Investment,decrease,11,Q1 2024
Alberta,"Mining, quarrying, and oil and gas extraction",Employment,increase,12.3,Q1 2024
Alberta,"Mining, quarrying, and oil and gas extraction",Employment,stay about the same,80.9,Q1 2024
Alberta,"Mining, quarrying, and oil and gas extraction",Employment,decrease,6.8,Q1 2024
Alberta,"Mining, quarrying, and oil and gas extraction",Sales,increase,13.8,Q1 2024
Alberta,"Mining, quarrying, and oil and gas extraction",Sales,stay about the same,69.8,Q1 2024
Alberta,"Mining, quarrying, and oil and gas extraction",Sales,decrease,16.4,Q1 2024
Alberta,"Mining, quarrying, and oil and gas extraction",Profitability,increase,12.7,Q1 2024
Alberta,"Mining, quarrying, and oil and gas extraction",Profitability,stay about the same,43.6,Q1 2024
Alberta,"Mining, quarrying, and oil and gas extraction",Profitability,decrease,43.7,Q1 2024
Alberta,"Mining, quarrying, and oil and gas extraction",Investment,increase,11.4,Q1 2024
Alberta,"Mining, quarrying, and oil and gas extraction",Investment,stay about the same,57,Q1 2024
Alberta,"Mining, quarrying, and oil and gas extraction",Investment,decrease,19.1,Q1 2024
Alberta,Construction,Employment,increase,11,Q1 2024
Alberta,Construction,Employment,stay about the same,85.6,Q1 2024
Alberta,Construction,Employment,decrease,3.4,Q1 2024
Alberta,Construction,Sales,increase,20.9,Q1 2024
Alberta,Construction,Sales,stay about the same,67.6,Q1 2024
Alberta,Construction,Sales,decrease,11.5,Q1 2024
Alberta,Construction,Profitability,increase,8.5,Q1 2024
Alberta,Construction,Profitability,stay about the same,62.6,Q1 2024
Alberta,Construction,Profitability,decrease,28.9,Q1 2024
Alberta,Construction,Investment,increase,10.8,Q1 2024
Alberta,Construction,Investment,stay about the same,70,Q1 2024
Alberta,Construction,Investment,decrease,12.2,Q1 2024
Alberta,Manufacturing,Employment,increase,12,Q1 2024
Alberta,Manufacturing,Employment,stay about the same,85.4,Q1 2024
Alberta,Manufacturing,Employment,decrease,2.6,Q1 2024
Alberta,Manufacturing,Sales,increase,16.7,Q1 2024
Alberta,Manufacturing,Sales,stay about the same,74.7,Q1 2024
Alberta,Manufacturing,Sales,decrease,8.6,Q1 2024
Alberta,Manufacturing,Profitability,increase,24.5,Q1 2024
Alberta,Manufacturing,Profitability,stay about the same,48.2,Q1 2024
Alberta,Manufacturing,Profitability,decrease,27.3,Q1 2024
Alberta,Manufacturing,Investment,increase,17.1,Q1 2024
Alberta,Manufacturing,Investment,stay about the same,61,Q1 2024
Alberta,Manufacturing,Investment,decrease,17.4,Q1 2024
Alberta,Wholesale trade,Employment,increase,16.9,Q1 2024
Alberta,Wholesale trade,Employment,stay about the same,82.2,Q1 2024
Alberta,Wholesale trade,Employment,decrease,0.9,Q1 2024
Alberta,Wholesale trade,Sales,increase,38.7,Q1 2024
Alberta,Wholesale trade,Sales,stay about the same,53.8,Q1 2024
Alberta,Wholesale trade,Sales,decrease,7.5,Q1 2024
Alberta,Wholesale trade,Profitability,increase,26.8,Q1 2024
Alberta,Wholesale trade,Profitability,stay about the same,53.2,Q1 2024
Alberta,Wholesale trade,Profitability,decrease,20,Q1 2024
Alberta,Wholesale trade,Investment,increase,12.8,Q1 2024
Alberta,Wholesale trade,Investment,stay about the same,67.9,Q1 2024
Alberta,Wholesale trade,Investment,decrease,3.5,Q1 2024
Alberta,Retail trade,Employment,increase,27.4,Q1 2024
Alberta,Retail trade,Employment,stay about the same,65.8,Q1 2024
Alberta,Retail trade,Employment,decrease,6.8,Q1 2024
Alberta,Retail trade,Sales,increase,15.7,Q1 2024
Alberta,Retail trade,Sales,stay about the same,60.3,Q1 2024
Alberta,Retail trade,Sales,decrease,24,Q1 2024
Alberta,Retail trade,Profitability,increase,6.3,Q1 2024
Alberta,Retail trade,Profitability,stay about the same,63.4,Q1 2024
Alberta,Retail trade,Profitability,decrease,30.3,Q1 2024
Alberta,Retail trade,Investment,increase,17.1,Q1 2024
Alberta,Retail trade,Investment,stay about the same,68.5,Q1 2024
Alberta,Retail trade,Investment,decrease,5.9,Q1 2024
Alberta,Transportation and warehousing,Employment,increase,17,Q1 2024
Alberta,Transportation and warehousing,Employment,stay about the same,78.7,Q1 2024
Alberta,Transportation and warehousing,Employment,decrease,4.3,Q1 2024
Alberta,Transportation and warehousing,Sales,increase,22.1,Q1 2024
Alberta,Transportation and warehousing,Sales,stay about the same,59.3,Q1 2024
Alberta,Transportation and warehousing,Sales,decrease,18.5,Q1 2024
Alberta,Transportation and warehousing,Profitability,increase,12.3,Q1 2024
Alberta,Transportation and warehousing,Profitability,stay about the same,44.1,Q1 2024
Alberta,Transportation and warehousing,Profitability,decrease,43.6,Q1 2024
Alberta,Transportation and warehousing,Investment,increase,34.5,Q1 2024
Alberta,Transportation and warehousing,Investment,stay about the same,48.6,Q1 2024
Alberta,Transportation and warehousing,Investment,decrease,11,Q1 2024
Alberta,Finance and insurance,Employment,increase,36,Q1 2024
Alberta,Finance and insurance,Employment,stay about the same,62.2,Q1 2024
Alberta,Finance and insurance,Employment,decrease,1.8,Q1 2024
Alberta,Finance and insurance,Sales,increase,26.1,Q1 2024
Alberta,Finance and insurance,Sales,stay about the same,68,Q1 2024
Alberta,Finance and insurance,Sales,decrease,5.5,Q1 2024
Alberta,Finance and insurance,Profitability,increase,8.6,Q1 2024
Alberta,Finance and insurance,Profitability,stay about the same,70.2,Q1 2024
Alberta,Finance and insurance,Profitability,decrease,20.9,Q1 2024
Alberta,Finance and insurance,Investment,increase,6.4,Q1 2024
Alberta,Finance and insurance,Investment,stay about the same,62.8,Q1 2024
Alberta,Finance and insurance,Investment,decrease,8.8,Q1 2024
Alberta,Real estate and rental and leasing,Employment,increase,5.8,Q1 2024
Alberta,Real estate and rental and leasing,Employment,stay about the same,92.4,Q1 2024
Alberta,Real estate and rental and leasing,Employment,decrease,1.9,Q1 2024
Alberta,Real estate and rental and leasing,Sales,increase,5.5,Q1 2024
Alberta,Real estate and rental and leasing,Sales,stay about the same,74.1,Q1 2024
Alberta,Real estate and rental and leasing,Sales,decrease,18.9,Q1 2024
Alberta,Real estate and rental and leasing,Profitability,increase,0.7,Q1 2024
Alberta,Real estate and rental and leasing,Profitability,stay about the same,48.5,Q1 2024
Alberta,Real estate and rental and leasing,Profitability,decrease,50.6,Q1 2024
Alberta,Real estate and rental and leasing,Investment,increase,29.2,Q1 2024
Alberta,Real estate and rental and leasing,Investment,stay about the same,44.6,Q1 2024
Alberta,Real estate and rental and leasing,Investment,decrease,7.4,Q1 2024
Alberta,"Professional, scientific and technical services",Employment,increase,18.6,Q1 2024
Alberta,"Professional, scientific and technical services",Employment,stay about the same,76,Q1 2024
Alberta,"Professional, scientific and technical services",Employment,decrease,5.4,Q1 2024
Alberta,"Professional, scientific and technical services",Sales,increase,21.7,Q1 2024
Alberta,"Professional, scientific and technical services",Sales,stay about the same,65.3,Q1 2024
Alberta,"Professional, scientific and technical services",Sales,decrease,12.9,Q1 2024
Alberta,"Professional, scientific and technical services",Profitability,increase,15,Q1 2024
Alberta,"Professional, scientific and technical services",Profitability,stay about the same,56.9,Q1 2024
Alberta,"Professional, scientific and technical services",Profitability,decrease,28,Q1 2024
Alberta,"Professional, scientific and technical services",Investment,increase,21.5,Q1 2024
Alberta,"Professional, scientific and technical services",Investment,stay about the same,49.3,Q1 2024
Alberta,"Professional, scientific and technical services",Investment,decrease,11.9,Q1 2024
Alberta,Health care and social assistance,Employment,increase,3.9,Q1 2024
Alberta,Health care and social assistance,Employment,stay about the same,87,Q1 2024
Alberta,Health care and social assistance,Employment,decrease,9,Q1 2024
Alberta,Health care and social assistance,Sales,increase,16.4,Q1 2024
Alberta,Health care and social assistance,Sales,stay about the same,66.8,Q1 2024
Alberta,Health care and social assistance,Sales,decrease,11.7,Q1 2024
Alberta,Health care and social assistance,Profitability,increase,2.7,Q1 2024
Alberta,Health care and social assistance,Profitability,stay about the same,51.6,Q1 2024
Alberta,Health care and social assistance,Profitability,decrease,40.2,Q1 2024
Alberta,Health care and social assistance,Investment,increase,27,Q1 2024
Alberta,Health care and social assistance,Investment,stay about the same,62.5,Q1 2024
Alberta,Health care and social assistance,Investment,decrease,1.7,Q1 2024
Alberta,"Arts, entertainment and recreation",Employment,increase,16.2,Q1 2024
Alberta,"Arts, entertainment and recreation",Employment,stay about the same,82.9,Q1 2024
Alberta,"Arts, entertainment and recreation",Employment,decrease,0.9,Q1 2024
Alberta,"Arts, entertainment and recreation",Sales,increase,11.8,Q1 2024
Alberta,"Arts, entertainment and recreation",Sales,stay about the same,75.5,Q1 2024
Alberta,"Arts, entertainment and recreation",Sales,decrease,10.8,Q1 2024
Alberta,"Arts, entertainment and recreation",Profitability,increase,10.3,Q1 2024
Alberta,"Arts, entertainment and recreation",Profitability,stay about the same,68.3,Q1 2024
Alberta,"Arts, entertainment and recreation",Profitability,decrease,18.8,Q1 2024
Alberta,"Arts, entertainment and recreation",Investment,increase,5.3,Q1 2024
Alberta,"Arts, entertainment and recreation",Investment,stay about the same,75.6,Q1 2024
Alberta,"Arts, entertainment and recreation",Investment,decrease,10.3,Q1 2024
Alberta,Accommodation and food services,Employment,increase,20.2,Q1 2024
Alberta,Accommodation and food services,Employment,stay about the same,67.1,Q1 2024
Alberta,Accommodation and food services,Employment,decrease,12.7,Q1 2024
Alberta,Accommodation and food services,Sales,increase,15.1,Q1 2024
Alberta,Accommodation and food services,Sales,stay about the same,45.9,Q1 2024
Alberta,Accommodation and food services,Sales,decrease,38.8,Q1 2024
Alberta,Accommodation and food services,Profitability,increase,16,Q1 2024
Alberta,Accommodation and food services,Profitability,stay about the same,22.4,Q1 2024
Alberta,Accommodation and food services,Profitability,decrease,61.4,Q1 2024
Alberta,Accommodation and food services,Investment,increase,47.5,Q1 2024
Alberta,Accommodation and food services,Investment,stay about the same,45.6,Q1 2024
Alberta,Accommodation and food services,Investment,decrease,2.9,Q1 2024
British Columbia,"North American Industry Classification System (NAICS), all industries",Employment,increase,9.9,Q1 2024
British Columbia,"North American Industry Classification System (NAICS), all industries",Employment,stay about the same,84.2,Q1 2024
British Columbia,"North American Industry Classification System (NAICS), all industries",Employment,decrease,5.9,Q1 2024
British Columbia,"North American Industry Classification System (NAICS), all industries",Sales,increase,17.4,Q1 2024
British Columbia,"North American Industry Classification System (NAICS), all industries",Sales,stay about the same,60.9,Q1 2024
British Columbia,"North American Industry Classification System (NAICS), all industries",Sales,decrease,18.5,Q1 2024
British Columbia,"North American Industry Classification System (NAICS), all industries",Profitability,increase,11.1,Q1 2024
British Columbia,"North American Industry Classification System (NAICS), all industries",Profitability,stay about the same,54.7,Q1 2024
British Columbia,"North American Industry Classification System (NAICS), all industries",Profitability,decrease,31.8,Q1 2024
British Columbia,"North American Industry Classification System (NAICS), all industries",Investment,increase,17.2,Q1 2024
British Columbia,"North American Industry Classification System (NAICS), all industries",Investment,stay about the same,58.7,Q1 2024
British Columbia,"North American Industry Classification System (NAICS), all industries",Investment,decrease,8.5,Q1 2024
British Columbia,"Agriculture, forestry, fishing and hunting",Employment,increase,7.6,Q1 2024
British Columbia,"Agriculture, forestry, fishing and hunting",Employment,stay about the same,89,Q1 2024
British Columbia,"Agriculture, forestry, fishing and hunting",Employment,decrease,3.4,Q1 2024
British Columbia,"Agriculture, forestry, fishing and hunting",Sales,increase,13.9,Q1 2024
British Columbia,"Agriculture, forestry, fishing and hunting",Sales,stay about the same,66.1,Q1 2024
British Columbia,"Agriculture, forestry, fishing and hunting",Sales,decrease,19.9,Q1 2024
British Columbia,"Agriculture, forestry, fishing and hunting",Profitability,increase,8.8,Q1 2024
British Columbia,"Agriculture, forestry, fishing and hunting",Profitability,stay about the same,63.4,Q1 2024
British Columbia,"Agriculture, forestry, fishing and hunting",Profitability,decrease,27.8,Q1 2024
British Columbia,"Agriculture, forestry, fishing and hunting",Investment,increase,19.3,Q1 2024
British Columbia,"Agriculture, forestry, fishing and hunting",Investment,stay about the same,42.9,Q1 2024
British Columbia,"Agriculture, forestry, fishing and hunting",Investment,decrease,20.4,Q1 2024
British Columbia,"Mining, quarrying, and oil and gas extraction",Employment,increase,13.9,Q1 2024
British Columbia,"Mining, quarrying, and oil and gas extraction",Employment,stay about the same,82.3,Q1 2024
British Columbia,"Mining, quarrying, and oil and gas extraction",Employment,decrease,3.8,Q1 2024
British Columbia,"Mining, quarrying, and oil and gas extraction",Sales,increase,23.6,Q1 2024
British Columbia,"Mining, quarrying, and oil and gas extraction",Sales,stay about the same,70.5,Q1 2024
British Columbia,"Mining, quarrying, and oil and gas extraction",Sales,decrease,5.9,Q1 2024
British Columbia,"Mining, quarrying, and oil and gas extraction",Profitability,increase,3.6,Q1 2024
British Columbia,"Mining, quarrying, and oil and gas extraction",Profitability,stay about the same,67.9,Q1 2024
British Columbia,"Mining, quarrying, and oil and gas extraction",Profitability,decrease,28.5,Q1 2024
British Columbia,"Mining, quarrying, and oil and gas extraction",Investment,increase,8.8,Q1 2024
British Columbia,"Mining, quarrying, and oil and gas extraction",Investment,stay about the same,59.8,Q1 2024
British Columbia,"Mining, quarrying, and oil and gas extraction",Investment,decrease,16.5,Q1 2024
British Columbia,Construction,Employment,increase,11.3,Q1 2024
British Columbia,Construction,Employment,stay about the same,84.6,Q1 2024
British Columbia,Construction,Employment,decrease,4,Q1 2024
British Columbia,Construction,Sales,increase,17.5,Q1 2024
British Columbia,Construction,Sales,stay about the same,72,Q1 2024
British Columbia,Construction,Sales,decrease,10.6,Q1 2024
British Columbia,Construction,Profitability,increase,6.6,Q1 2024
British Columbia,Construction,Profitability,stay about the same,56.8,Q1 2024
British Columbia,Construction,Profitability,decrease,36.5,Q1 2024
British Columbia,Construction,Investment,increase,20.5,Q1 2024
British Columbia,Construction,Investment,stay about the same,53.8,Q1 2024
British Columbia,Construction,Investment,decrease,12,Q1 2024
British Columbia,Manufacturing,Employment,increase,13.5,Q1 2024
British Columbia,Manufacturing,Employment,stay about the same,80.5,Q1 2024
British Columbia,Manufacturing,Employment,decrease,6,Q1 2024
British Columbia,Manufacturing,Sales,increase,32.2,Q1 2024
British Columbia,Manufacturing,Sales,stay about the same,48.8,Q1 2024
British Columbia,Manufacturing,Sales,decrease,19,Q1 2024
British Columbia,Manufacturing,Profitability,increase,21.8,Q1 2024
British Columbia,Manufacturing,Profitability,stay about the same,53.4,Q1 2024
British Columbia,Manufacturing,Profitability,decrease,24.7,Q1 2024
British Columbia,Manufacturing,Investment,increase,15.5,Q1 2024
British Columbia,Manufacturing,Investment,stay about the same,55.1,Q1 2024
British Columbia,Manufacturing,Investment,decrease,14.1,Q1 2024
British Columbia,Wholesale trade,Employment,increase,14.5,Q1 2024
British Columbia,Wholesale trade,Employment,stay about the same,70.2,Q1 2024
British Columbia,Wholesale trade,Employment,decrease,15.3,Q1 2024
British Columbia,Wholesale trade,Sales,increase,26.5,Q1 2024
British Columbia,Wholesale trade,Sales,stay about the same,44.9,Q1 2024
British Columbia,Wholesale trade,Sales,decrease,28.5,Q1 2024
British Columbia,Wholesale trade,Profitability,increase,12.2,Q1 2024
British Columbia,Wholesale trade,Profitability,stay about the same,47.5,Q1 2024
British Columbia,Wholesale trade,Profitability,decrease,40.3,Q1 2024
British Columbia,Wholesale trade,Investment,increase,18.5,Q1 2024
British Columbia,Wholesale trade,Investment,stay about the same,43.4,Q1 2024
British Columbia,Wholesale trade,Investment,decrease,14.7,Q1 2024
British Columbia,Retail trade,Employment,increase,12.9,Q1 2024
British Columbia,Retail trade,Employment,stay about the same,79.2,Q1 2024
British Columbia,Retail trade,Employment,decrease,7.9,Q1 2024
British Columbia,Retail trade,Sales,increase,26.6,Q1 2024
British Columbia,Retail trade,Sales,stay about the same,47.4,Q1 2024
British Columbia,Retail trade,Sales,decrease,25.8,Q1 2024
British Columbia,Retail trade,Profitability,increase,11.9,Q1 2024
British Columbia,Retail trade,Profitability,stay about the same,55.8,Q1 2024
British Columbia,Retail trade,Profitability,decrease,32,Q1 2024
British Columbia,Retail trade,Investment,increase,20.4,Q1 2024
British Columbia,Retail trade,Investment,stay about the same,60.4,Q1 2024
British Columbia,Retail trade,Investment,decrease,5.4,Q1 2024
British Columbia,Transportation and warehousing,Employment,increase,7.2,Q1 2024
British Columbia,Transportation and warehousing,Employment,stay about the same,80.1,Q1 2024
British Columbia,Transportation and warehousing,Employment,decrease,12.7,Q1 2024
British Columbia,Transportation and warehousing,Sales,increase,4.3,Q1 2024
British Columbia,Transportation and warehousing,Sales,stay about the same,78.5,Q1 2024
British Columbia,Transportation and warehousing,Sales,decrease,17.1,Q1 2024
British Columbia,Transportation and warehousing,Profitability,increase,8,Q1 2024
British Columbia,Transportation and warehousing,Profitability,stay about the same,54.2,Q1 2024
British Columbia,Transportation and warehousing,Profitability,decrease,37.7,Q1 2024
British Columbia,Transportation and warehousing,Investment,increase,16.8,Q1 2024
British Columbia,Transportation and warehousing,Investment,stay about the same,68,Q1 2024
British Columbia,Transportation and warehousing,Investment,decrease,4.4,Q1 2024
British Columbia,Finance and insurance,Employment,increase,4.3,Q1 2024
British Columbia,Finance and insurance,Employment,stay about the same,94.7,Q1 2024
British Columbia,Finance and insurance,Employment,decrease,0.9,Q1 2024
British Columbia,Finance and insurance,Sales,increase,22.2,Q1 2024
British Columbia,Finance and insurance,Sales,stay about the same,59.9,Q1 2024
British Columbia,Finance and insurance,Sales,decrease,16.1,Q1 2024
British Columbia,Finance and insurance,Profitability,increase,26.5,Q1 2024
British Columbia,Finance and insurance,Profitability,stay about the same,32.3,Q1 2024
British Columbia,Finance and insurance,Profitability,decrease,39.5,Q1 2024
British Columbia,Finance and insurance,Investment,increase,12.7,Q1 2024
British Columbia,Finance and insurance,Investment,stay about the same,68.1,Q1 2024
British Columbia,Finance and insurance,Investment,decrease,1.2,Q1 2024
British Columbia,Real estate and rental and leasing,Employment,increase,4.1,Q1 2024
British Columbia,Real estate and rental and leasing,Employment,stay about the same,93.5,Q1 2024
British Columbia,Real estate and rental and leasing,Employment,decrease,2.5,Q1 2024
British Columbia,Real estate and rental and leasing,Sales,increase,18,Q1 2024
British Columbia,Real estate and rental and leasing,Sales,stay about the same,57.3,Q1 2024
British Columbia,Real estate and rental and leasing,Sales,decrease,23.8,Q1 2024
British Columbia,Real estate and rental and leasing,Profitability,increase,10.8,Q1 2024
British Columbia,Real estate and rental and leasing,Profitability,stay about the same,53.9,Q1 2024
British Columbia,Real estate and rental and leasing,Profitability,decrease,35,Q1 2024
British Columbia,Real estate and rental and leasing,Investment,increase,9.2,Q1 2024
British Columbia,Real estate and rental and leasing,Investment,stay about the same,67,Q1 2024
British Columbia,Real estate and rental and leasing,Investment,decrease,8.3,Q1 2024
British Columbia,"Professional, scientific and technical services",Employment,increase,7.5,Q1 2024
British Columbia,"Professional, scientific and technical services",Employment,stay about the same,89.4,Q1 2024
British Columbia,"Professional, scientific and technical services",Employment,decrease,3.1,Q1 2024
British Columbia,"Professional, scientific and technical services",Sales,increase,12,Q1 2024
British Columbia,"Professional, scientific and technical services",Sales,stay about the same,70.3,Q1 2024
British Columbia,"Professional, scientific and technical services",Sales,decrease,17.4,Q1 2024
British Columbia,"Professional, scientific and technical services",Profitability,increase,11.6,Q1 2024
British Columbia,"Professional, scientific and technical services",Profitability,stay about the same,73.5,Q1 2024
British Columbia,"Professional, scientific and technical services",Profitability,decrease,14.6,Q1 2024
British Columbia,"Professional, scientific and technical services",Investment,increase,4.4,Q1 2024
British Columbia,"Professional, scientific and technical services",Investment,stay about the same,73.6,Q1 2024
British Columbia,"Professional, scientific and technical services",Investment,decrease,9.4,Q1 2024
British Columbia,Health care and social assistance,Employment,increase,9.1,Q1 2024
British Columbia,Health care and social assistance,Employment,stay about the same,88.7,Q1 2024
British Columbia,Health care and social assistance,Employment,decrease,2.1,Q1 2024
British Columbia,Health care and social assistance,Sales,increase,12.2,Q1 2024
British Columbia,Health care and social assistance,Sales,stay about the same,69.1,Q1 2024
British Columbia,Health care and social assistance,Sales,decrease,8.9,Q1 2024
British Columbia,Health care and social assistance,Profitability,increase,2.7,Q1 2024
British Columbia,Health care and social assistance,Profitability,stay about the same,65.6,Q1 2024
British Columbia,Health care and social assistance,Profitability,decrease,26.1,Q1 2024
British Columbia,Health care and social assistance,Investment,increase,18,Q1 2024
British Columbia,Health care and social assistance,Investment,stay about the same,51.5,Q1 2024
British Columbia,Health care and social assistance,Investment,decrease,4.8,Q1 2024
British Columbia,"Arts, entertainment and recreation",Employment,increase,11.6,Q1 2024
British Columbia,"Arts, entertainment and recreation",Employment,stay about the same,77.6,Q1 2024
British Columbia,"Arts, entertainment and recreation",Employment,decrease,10.7,Q1 2024
British Columbia,"Arts, entertainment and recreation",Sales,increase,20,Q1 2024
British Columbia,"Arts, entertainment and recreation",Sales,stay about the same,60.5,Q1 2024
British Columbia,"Arts, entertainment and recreation",Sales,decrease,12.9,Q1 2024
British Columbia,"Arts, entertainment and recreation",Profitability,increase,15.7,Q1 2024
British Columbia,"Arts, entertainment and recreation",Profitability,stay about the same,54.9,Q1 2024
British Columbia,"Arts, entertainment and recreation",Profitability,decrease,24.1,Q1 2024
British Columbia,"Arts, entertainment and recreation",Investment,increase,29.4,Q1 2024
British Columbia,"Arts, entertainment and recreation",Investment,stay about the same,44.9,Q1 2024
British Columbia,"Arts, entertainment and recreation",Investment,decrease,11.2,Q1 2024
British Columbia,Accommodation and food services,Employment,increase,14.3,Q1 2024
British Columbia,Accommodation and food services,Employment,stay about the same,73.9,Q1 2024
British Columbia,Accommodation and food services,Employment,decrease,11.8,Q1 2024
British Columbia,Accommodation and food services,Sales,increase,17.9,Q1 2024
British Columbia,Accommodation and food services,Sales,stay about the same,47.3,Q1 2024
British Columbia,Accommodation and food services,Sales,decrease,34.7,Q1 2024
British Columbia,Accommodation and food services,Profitability,increase,15.5,Q1 2024
British Columbia,Accommodation and food services,Profitability,stay about the same,23.5,Q1 2024
British Columbia,Accommodation and food services,Profitability,decrease,60.6,Q1 2024
British Columbia,Accommodation and food services,Investment,increase,38.3,Q1 2024
British Columbia,Accommodation and food services,Investment,stay about the same,42.1,Q1 2024
British Columbia,Accommodation and food services,Investment,decrease,11.4,Q1 2024
Yukon,"North American Industry Classification System (NAICS), all industries",Employment,increase,12.7,Q1 2024
Yukon,"North American Industry Classification System (NAICS), all industries",Employment,stay about the same,83.8,Q1 2024
Yukon,"North American Industry Classification System (NAICS), all industries",Employment,decrease,3.6,Q1 2024
Yukon,"North American Industry Classification System (NAICS), all industries",Sales,increase,7.3,Q1 2024
Yukon,"North American Industry Classification System (NAICS), all industries",Sales,stay about the same,77.2,Q1 2024
Yukon,"North American Industry Classification System (NAICS), all industries",Sales,decrease,8,Q1 2024
Yukon,"North American Industry Classification System (NAICS), all industries",Profitability,increase,9.1,Q1 2024
Yukon,"North American Industry Classification System (NAICS), all industries",Profitability,stay about the same,60.1,Q1 2024
Yukon,"North American Industry Classification System (NAICS), all industries",Profitability,decrease,23.2,Q1 2024
Yukon,"North American Industry Classification System (NAICS), all industries",Investment,increase,16,Q1 2024
Yukon,"North American Industry Classification System (NAICS), all industries",Investment,stay about the same,68.6,Q1 2024
Yukon,"North American Industry Classification System (NAICS), all industries",Investment,decrease,5.9,Q1 2024
Yukon,"Agriculture, forestry, fishing and hunting",Employment,increase,10.4,Q1 2024
Yukon,"Agriculture, forestry, fishing and hunting",Employment,stay about the same,89.6,Q1 2024
Yukon,"Agriculture, forestry, fishing and hunting",Employment,decrease,0,Q1 2024
Yukon,"Agriculture, forestry, fishing and hunting",Sales,increase,10.4,Q1 2024
Yukon,"Agriculture, forestry, fishing and hunting",Sales,stay about the same,0,Q1 2024
Yukon,"Agriculture, forestry, fishing and hunting",Sales,decrease,10.8,Q1 2024
Yukon,"Agriculture, forestry, fishing and hunting",Profitability,increase,0,Q1 2024
Yukon,"Agriculture, forestry, fishing and hunting",Profitability,stay about the same,89.2,Q1 2024
Yukon,"Agriculture, forestry, fishing and hunting",Profitability,decrease,10.8,Q1 2024
Yukon,"Agriculture, forestry, fishing and hunting",Investment,increase,0,Q1 2024
Yukon,"Agriculture, forestry, fishing and hunting",Investment,stay about the same,0,Q1 2024
Yukon,"Agriculture, forestry, fishing and hunting",Investment,decrease,0,Q1 2024
Yukon,"Mining, quarrying, and oil and gas extraction",Employment,increase,0,Q1 2024
Yukon,"Mining, quarrying, and oil and gas extraction",Employment,stay about the same,100,Q1 2024
Yukon,"Mining, quarrying, and oil and gas extraction",Employment,decrease,0,Q1 2024
Yukon,"Mining, quarrying, and oil and gas extraction",Sales,increase,0,Q1 2024
Yukon,"Mining, quarrying, and oil and gas extraction",Sales,stay about the same,100,Q1 2024
Yukon,"Mining, quarrying, and oil and gas extraction",Sales,decrease,0,Q1 2024
Yukon,"Mining, quarrying, and oil and gas extraction",Profitability,increase,0,Q1 2024
Yukon,"Mining, quarrying, and oil and gas extraction",Profitability,stay about the same,100,Q1 2024
Yukon,"Mining, quarrying, and oil and gas extraction",Profitability,decrease,0,Q1 2024
Yukon,"Mining, quarrying, and oil and gas extraction",Investment,increase,14,Q1 2024
Yukon,"Mining, quarrying, and oil and gas extraction",Investment,stay about the same,86,Q1 2024
Yukon,"Mining, quarrying, and oil and gas extraction",Investment,decrease,0,Q1 2024
Yukon,Construction,Employment,increase,6,Q1 2024
Yukon,Construction,Employment,stay about the same,89.4,Q1 2024
Yukon,Construction,Employment,decrease,4.5,Q1 2024
Yukon,Construction,Sales,increase,5.7,Q1 2024
Yukon,Construction,Sales,stay about the same,85.9,Q1 2024
Yukon,Construction,Sales,decrease,8.5,Q1 2024
Yukon,Construction,Profitability,increase,3.2,Q1 2024
Yukon,Construction,Profitability,stay about the same,80.6,Q1 2024
Yukon,Construction,Profitability,decrease,16.2,Q1 2024
Yukon,Construction,Investment,increase,18.5,Q1 2024
Yukon,Construction,Investment,stay about the same,67.1,Q1 2024
Yukon,Construction,Investment,decrease,11.1,Q1 2024
Yukon,Manufacturing,Employment,increase,0,Q1 2024
Yukon,Manufacturing,Employment,stay about the same,0,Q1 2024
Yukon,Manufacturing,Employment,decrease,0,Q1 2024
Yukon,Manufacturing,Sales,increase,0,Q1 2024
Yukon,Manufacturing,Sales,stay about the same,0,Q1 2024
Yukon,Manufacturing,Sales,decrease,0,Q1 2024
Yukon,Manufacturing,Profitability,increase,0,Q1 2024
Yukon,Manufacturing,Profitability,stay about the same,0,Q1 2024
Yukon,Manufacturing,Profitability,decrease,0,Q1 2024
Yukon,Manufacturing,Investment,increase,0,Q1 2024
Yukon,Manufacturing,Investment,stay about the same,0,Q1 2024
Yukon,Manufacturing,Investment,decrease,0,Q1 2024
Yukon,Wholesale trade,Employment,increase,0,Q1 2024
Yukon,Wholesale trade,Employment,stay about the same,100,Q1 2024
Yukon,Wholesale trade,Employment,decrease,0,Q1 2024
Yukon,Wholesale trade,Sales,increase,0,Q1 2024
Yukon,Wholesale trade,Sales,stay about the same,0,Q1 2024
Yukon,Wholesale trade,Sales,decrease,0,Q1 2024
Yukon,Wholesale trade,Profitability,increase,0,Q1 2024
Yukon,Wholesale trade,Profitability,stay about the same,0,Q1 2024
Yukon,Wholesale trade,Profitability,decrease,0,Q1 2024
Yukon,Wholesale trade,Investment,increase,0,Q1 2024
Yukon,Wholesale trade,Investment,stay about the same,100,Q1 2024
Yukon,Wholesale trade,Investment,decrease,0,Q1 2024
Yukon,Retail trade,Employment,increase,7.4,Q1 2024
Yukon,Retail trade,Employment,stay about the same,87.9,Q1 2024
Yukon,Retail trade,Employment,decrease,4.7,Q1 2024
Yukon,Retail trade,Sales,increase,5.7,Q1 2024
Yukon,Retail trade,Sales,stay about the same,0,Q1 2024
Yukon,Retail trade,Sales,decrease,0,Q1 2024
Yukon,Retail trade,Profitability,increase,1.5,Q1 2024
Yukon,Retail trade,Profitability,stay about the same,0,Q1 2024
Yukon,Retail trade,Profitability,decrease,0,Q1 2024
Yukon,Retail trade,Investment,increase,0,Q1 2024
Yukon,Retail trade,Investment,stay about the same,0,Q1 2024
Yukon,Retail trade,Investment,decrease,2.1,Q1 2024
Yukon,Transportation and warehousing,Employment,increase,5.4,Q1 2024
Yukon,Transportation and warehousing,Employment,stay about the same,61,Q1 2024
Yukon,Transportation and warehousing,Employment,decrease,33.6,Q1 2024
Yukon,Transportation and warehousing,Sales,increase,0,Q1 2024
Yukon,Transportation and warehousing,Sales,stay about the same,0,Q1 2024
Yukon,Transportation and warehousing,Sales,decrease,19.6,Q1 2024
Yukon,Transportation and warehousing,Profitability,increase,0,Q1 2024
Yukon,Transportation and warehousing,Profitability,stay about the same,0,Q1 2024
Yukon,Transportation and warehousing,Profitability,decrease,0,Q1 2024
Yukon,Transportation and warehousing,Investment,increase,6.1,Q1 2024
Yukon,Transportation and warehousing,Investment,stay about the same,74.3,Q1 2024
Yukon,Transportation and warehousing,Investment,decrease,19.6,Q1 2024
Yukon,Finance and insurance,Employment,increase,4,Q1 2024
Yukon,Finance and insurance,Employment,stay about the same,96,Q1 2024
Yukon,Finance and insurance,Employment,decrease,0,Q1 2024
Yukon,Finance and insurance,Sales,increase,5.5,Q1 2024
Yukon,Finance and insurance,Sales,stay about the same,83.3,Q1 2024
Yukon,Finance and insurance,Sales,decrease,0,Q1 2024
Yukon,Finance and insurance,Profitability,increase,0,Q1 2024
Yukon,Finance and insurance,Profitability,stay about the same,0,Q1 2024
Yukon,Finance and insurance,Profitability,decrease,5.3,Q1 2024
Yukon,Finance and insurance,Investment,increase,0,Q1 2024
Yukon,Finance and insurance,Investment,stay about the same,80.9,Q1 2024
Yukon,Finance and insurance,Investment,decrease,15,Q1 2024
Yukon,Real estate and rental and leasing,Employment,increase,2.4,Q1 2024
Yukon,Real estate and rental and leasing,Employment,stay about the same,97.6,Q1 2024
Yukon,Real estate and rental and leasing,Employment,decrease,0,Q1 2024
Yukon,Real estate and rental and leasing,Sales,increase,2.4,Q1 2024
Yukon,Real estate and rental and leasing,Sales,stay about the same,97.6,Q1 2024
Yukon,Real estate and rental and leasing,Sales,decrease,0,Q1 2024
Yukon,Real estate and rental and leasing,Profitability,increase,2.4,Q1 2024
Yukon,Real estate and rental and leasing,Profitability,stay about the same,80,Q1 2024
Yukon,Real estate and rental and leasing,Profitability,decrease,17.6,Q1 2024
Yukon,Real estate and rental and leasing,Investment,increase,2.4,Q1 2024
Yukon,Real estate and rental and leasing,Investment,stay about the same,97.6,Q1 2024
Yukon,Real estate and rental and leasing,Investment,decrease,0,Q1 2024
Yukon,"Professional, scientific and technical services",Employment,increase,0,Q1 2024
Yukon,"Professional, scientific and technical services",Employment,stay about the same,0,Q1 2024
Yukon,"Professional, scientific and technical services",Employment,decrease,0,Q1 2024
Yukon,"Professional, scientific and technical services",Sales,increase,7.8,Q1 2024
Yukon,"Professional, scientific and technical services",Sales,stay about the same,85.6,Q1 2024
Yukon,"Professional, scientific and technical services",Sales,decrease,6.6,Q1 2024
Yukon,"Professional, scientific and technical services",Profitability,increase,3.9,Q1 2024
Yukon,"Professional, scientific and technical services",Profitability,stay about the same,82.7,Q1 2024
Yukon,"Professional, scientific and technical services",Profitability,decrease,13.3,Q1 2024
Yukon,"Professional, scientific and technical services",Investment,increase,0,Q1 2024
Yukon,"Professional, scientific and technical services",Investment,stay about the same,0,Q1 2024
Yukon,"Professional, scientific and technical services",Investment,decrease,1.7,Q1 2024
Yukon,Health care and social assistance,Employment,increase,0,Q1 2024
Yukon,Health care and social assistance,Employment,stay about the same,100,Q1 2024
Yukon,Health care and social assistance,Employment,decrease,0,Q1 2024
Yukon,Health care and social assistance,Sales,increase,9.7,Q1 2024
Yukon,Health care and social assistance,Sales,stay about the same,90.3,Q1 2024
Yukon,Health care and social assistance,Sales,decrease,0,Q1 2024
Yukon,Health care and social assistance,Profitability,increase,9.7,Q1 2024
Yukon,Health care and social assistance,Profitability,stay about the same,82.5,Q1 2024
Yukon,Health care and social assistance,Profitability,decrease,7.8,Q1 2024
Yukon,Health care and social assistance,Investment,increase,9.7,Q1 2024
Yukon,Health care and social assistance,Investment,stay about the same,90.3,Q1 2024
Yukon,Health care and social assistance,Investment,decrease,0,Q1 2024
Yukon,"Arts, entertainment and recreation",Employment,increase,0,Q1 2024
Yukon,"Arts, entertainment and recreation",Employment,stay about the same,0,Q1 2024
Yukon,"Arts, entertainment and recreation",Employment,decrease,0,Q1 2024
Yukon,"Arts, entertainment and recreation",Sales,increase,0,Q1 2024
Yukon,"Arts, entertainment and recreation",Sales,stay about the same,100,Q1 2024
Yukon,"Arts, entertainment and recreation",Sales,decrease,0,Q1 2024
Yukon,"Arts, entertainment and recreation",Profitability,increase,0,Q1 2024
Yukon,"Arts, entertainment and recreation",Profitability,stay about the same,100,Q1 2024
Yukon,"Arts, entertainment and recreation",Profitability,decrease,0,Q1 2024
Yukon,"Arts, entertainment and recreation",Investment,increase,100,Q1 2024
Yukon,"Arts, entertainment and recreation",Investment,stay about the same,0,Q1 2024
Yukon,"Arts, entertainment and recreation",Investment,decrease,0,Q1 2024
Yukon,Accommodation and food services,Employment,increase,3.2,Q1 2024
Yukon,Accommodation and food services,Employment,stay about the same,96.8,Q1 2024
Yukon,Accommodation and food services,Employment,decrease,0,Q1 2024
Yukon,Accommodation and food services,Sales,increase,0,Q1 2024
Yukon,Accommodation and food services,Sales,stay about the same,100,Q1 2024
Yukon,Accommodation and food services,Sales,decrease,0,Q1 2024
Yukon,Accommodation and food services,Profitability,increase,3.2,Q1 2024
Yukon,Accommodation and food services,Profitability,stay about the same,0,Q1 2024
Yukon,Accommodation and food services,Profitability,decrease,0,Q1 2024
Yukon,Accommodation and food services,Investment,increase,5.3,Q1 2024
Yukon,Accommodation and food services,Investment,stay about the same,77.2,Q1 2024
Yukon,Accommodation and food services,Investment,decrease,10.7,Q1 2024
Northwest Territories,"North American Industry Classification System (NAICS), all industries",Employment,increase,18.9,Q1 2024
Northwest Territories,"North American Industry Classification System (NAICS), all industries",Employment,stay about the same,70.3,Q1 2024
Northwest Territories,"North American Industry Classification System (NAICS), all industries",Employment,decrease,10.9,Q1 2024
Northwest Territories,"North American Industry Classification System (NAICS), all industries",Sales,increase,10.1,Q1 2024
Northwest Territories,"North American Industry Classification System (NAICS), all industries",Sales,stay about the same,68.9,Q1 2024
Northwest Territories,"North American Industry Classification System (NAICS), all industries",Sales,decrease,15.4,Q1 2024
Northwest Territories,"North American Industry Classification System (NAICS), all industries",Profitability,increase,8.4,Q1 2024
Northwest Territories,"North American Industry Classification System (NAICS), all industries",Profitability,stay about the same,59.8,Q1 2024
Northwest Territories,"North American Industry Classification System (NAICS), all industries",Profitability,decrease,23.1,Q1 2024
Northwest Territories,"North American Industry Classification System (NAICS), all industries",Investment,increase,18.2,Q1 2024
Northwest Territories,"North American Industry Classification System (NAICS), all industries",Investment,stay about the same,61.7,Q1 2024
Northwest Territories,"North American Industry Classification System (NAICS), all industries",Investment,decrease,6.2,Q1 2024
Northwest Territories,"Agriculture, forestry, fishing and hunting",Employment,increase,0,Q1 2024
Northwest Territories,"Agriculture, forestry, fishing and hunting",Employment,stay about the same,0,Q1 2024
Northwest Territories,"Agriculture, forestry, fishing and hunting",Employment,decrease,0,Q1 2024
Northwest Territories,"Agriculture, forestry, fishing and hunting",Sales,increase,10,Q1 2024
Northwest Territories,"Agriculture, forestry, fishing and hunting",Sales,stay about the same,0,Q1 2024
Northwest Territories,"Agriculture, forestry, fishing and hunting",Sales,decrease,0,Q1 2024
Northwest Territories,"Agriculture, forestry, fishing and hunting",Profitability,increase,10,Q1 2024
Northwest Territories,"Agriculture, forestry, fishing and hunting",Profitability,stay about the same,0,Q1 2024
Northwest Territories,"Agriculture, forestry, fishing and hunting",Profitability,decrease,90,Q1 2024
Northwest Territories,"Agriculture, forestry, fishing and hunting",Investment,increase,10,Q1 2024
Northwest Territories,"Agriculture, forestry, fishing and hunting",Investment,stay about the same,0,Q1 2024
Northwest Territories,"Agriculture, forestry, fishing and hunting",Investment,decrease,0,Q1 2024
Northwest Territories,"Mining, quarrying, and oil and gas extraction",Employment,increase,20.5,Q1 2024
Northwest Territories,"Mining, quarrying, and oil and gas extraction",Employment,stay about the same,79.5,Q1 2024
Northwest Territories,"Mining, quarrying, and oil and gas extraction",Employment,decrease,0,Q1 2024
Northwest Territories,"Mining, quarrying, and oil and gas extraction",Sales,increase,20.5,Q1 2024
Northwest Territories,"Mining, quarrying, and oil and gas extraction",Sales,stay about the same,18.7,Q1 2024
Northwest Territories,"Mining, quarrying, and oil and gas extraction",Sales,decrease,0,Q1 2024
Northwest Territories,"Mining, quarrying, and oil and gas extraction",Profitability,increase,20.5,Q1 2024
Northwest Territories,"Mining, quarrying, and oil and gas extraction",Profitability,stay about the same,18.7,Q1 2024
Northwest Territories,"Mining, quarrying, and oil and gas extraction",Profitability,decrease,0,Q1 2024
Northwest Territories,"Mining, quarrying, and oil and gas extraction",Investment,increase,0,Q1 2024
Northwest Territories,"Mining, quarrying, and oil and gas extraction",Investment,stay about the same,18.7,Q1 2024
Northwest Territories,"Mining, quarrying, and oil and gas extraction",Investment,decrease,0,Q1 2024
Northwest Territories,Construction,Employment,increase,16.8,Q1 2024
Northwest Territories,Construction,Employment,stay about the same,62,Q1 2024
Northwest Territories,Construction,Employment,decrease,21.2,Q1 2024
Northwest Territories,Construction,Sales,increase,3.6,Q1 2024
Northwest Territories,Construction,Sales,stay about the same,83.5,Q1 2024
Northwest Territories,Construction,Sales,decrease,12.8,Q1 2024
Northwest Territories,Construction,Profitability,increase,1.4,Q1 2024
Northwest Territories,Construction,Profitability,stay about the same,70.3,Q1 2024
Northwest Territories,Construction,Profitability,decrease,13.6,Q1 2024
Northwest Territories,Construction,Investment,increase,30.7,Q1 2024
Northwest Territories,Construction,Investment,stay about the same,48,Q1 2024
Northwest Territories,Construction,Investment,decrease,8.2,Q1 2024
Northwest Territories,Manufacturing,Employment,increase,0,Q1 2024
Northwest Territories,Manufacturing,Employment,stay about the same,100,Q1 2024
Northwest Territories,Manufacturing,Employment,decrease,0,Q1 2024
Northwest Territories,Manufacturing,Sales,increase,0,Q1 2024
Northwest Territories,Manufacturing,Sales,stay about the same,93.6,Q1 2024
Northwest Territories,Manufacturing,Sales,decrease,6.4,Q1 2024
Northwest Territories,Manufacturing,Profitability,increase,0,Q1 2024
Northwest Territories,Manufacturing,Profitability,stay about the same,0,Q1 2024
Northwest Territories,Manufacturing,Profitability,decrease,0,Q1 2024
Northwest Territories,Manufacturing,Investment,increase,0,Q1 2024
Northwest Territories,Manufacturing,Investment,stay about the same,79.4,Q1 2024
Northwest Territories,Manufacturing,Investment,decrease,20.6,Q1 2024
Northwest Territories,Wholesale trade,Employment,increase,0,Q1 2024
Northwest Territories,Wholesale trade,Employment,stay about the same,0,Q1 2024
Northwest Territories,Wholesale trade,Employment,decrease,0,Q1 2024
Northwest Territories,Wholesale trade,Sales,increase,0,Q1 2024
Northwest Territories,Wholesale trade,Sales,stay about the same,0,Q1 2024
Northwest Territories,Wholesale trade,Sales,decrease,0,Q1 2024
Northwest Territories,Wholesale trade,Profitability,increase,0,Q1 2024
Northwest Territories,Wholesale trade,Profitability,stay about the same,0,Q1 2024
Northwest Territories,Wholesale trade,Profitability,decrease,14.6,Q1 2024
Northwest Territories,Wholesale trade,Investment,increase,0,Q1 2024
Northwest Territories,Wholesale trade,Investment,stay about the same,100,Q1 2024
Northwest Territories,Wholesale trade,Investment,decrease,0,Q1 2024
Northwest Territories,Retail trade,Employment,increase,0,Q1 2024
Northwest Territories,Retail trade,Employment,stay about the same,0,Q1 2024
Northwest Territories,Retail trade,Employment,decrease,0,Q1 2024
Northwest Territories,Retail trade,Sales,increase,9.6,Q1 2024
Northwest Territories,Retail trade,Sales,stay about the same,0,Q1 2024
Northwest Territories,Retail trade,Sales,decrease,0,Q1 2024
Northwest Territories,Retail trade,Profitability,increase,2.1,Q1 2024
Northwest Territories,Retail trade,Profitability,stay about the same,0,Q1 2024
Northwest Territories,Retail trade,Profitability,decrease,0,Q1 2024
Northwest Territories,Retail trade,Investment,increase,0,Q1 2024
Northwest Territories,Retail trade,Investment,stay about the same,0,Q1 2024
Northwest Territories,Retail trade,Investment,decrease,9.1,Q1 2024
Northwest Territories,Transportation and warehousing,Employment,increase,0,Q1 2024
Northwest Territories,Transportation and warehousing,Employment,stay about the same,100,Q1 2024
Northwest Territories,Transportation and warehousing,Employment,decrease,0,Q1 2024
Northwest Territories,Transportation and warehousing,Sales,increase,0,Q1 2024
Northwest Territories,Transportation and warehousing,Sales,stay about the same,100,Q1 2024
Northwest Territories,Transportation and warehousing,Sales,decrease,0,Q1 2024
Northwest Territories,Transportation and warehousing,Profitability,increase,0,Q1 2024
Northwest Territories,Transportation and warehousing,Profitability,stay about the same,97.7,Q1 2024
Northwest Territories,Transportation and warehousing,Profitability,decrease,2.3,Q1 2024
Northwest Territories,Transportation and warehousing,Investment,increase,0,Q1 2024
Northwest Territories,Transportation and warehousing,Investment,stay about the same,92.9,Q1 2024
Northwest Territories,Transportation and warehousing,Investment,decrease,0,Q1 2024
Northwest Territories,Finance and insurance,Employment,increase,0,Q1 2024
Northwest Territories,Finance and insurance,Employment,stay about the same,0,Q1 2024
Northwest Territories,Finance and insurance,Employment,decrease,0,Q1 2024
Northwest Territories,Finance and insurance,Sales,increase,0,Q1 2024
Northwest Territories,Finance and insurance,Sales,stay about the same,9.3,Q1 2024
Northwest Territories,Finance and insurance,Sales,decrease,0,Q1 2024
Northwest Territories,Finance and insurance,Profitability,increase,0,Q1 2024
Northwest Territories,Finance and insurance,Profitability,stay about the same,0,Q1 2024
Northwest Territories,Finance and insurance,Profitability,decrease,0,Q1 2024
Northwest Territories,Finance and insurance,Investment,increase,0,Q1 2024
Northwest Territories,Finance and insurance,Investment,stay about the same,12.2,Q1 2024
Northwest Territories,Finance and insurance,Investment,decrease,0,Q1 2024
Northwest Territories,Real estate and rental and leasing,Employment,increase,2.4,Q1 2024
Northwest Territories,Real estate and rental and leasing,Employment,stay about the same,0,Q1 2024
Northwest Territories,Real estate and rental and leasing,Employment,decrease,0,Q1 2024
Northwest Territories,Real estate and rental and leasing,Sales,increase,2.4,Q1 2024
Northwest Territories,Real estate and rental and leasing,Sales,stay about the same,97.6,Q1 2024
Northwest Territories,Real estate and rental and leasing,Sales,decrease,0,Q1 2024
Northwest Territories,Real estate and rental and leasing,Profitability,increase,0,Q1 2024
Northwest Territories,Real estate and rental and leasing,Profitability,stay about the same,0,Q1 2024
Northwest Territories,Real estate and rental and leasing,Profitability,decrease,0,Q1 2024
Northwest Territories,Real estate and rental and leasing,Investment,increase,9.9,Q1 2024
Northwest Territories,Real estate and rental and leasing,Investment,stay about the same,0,Q1 2024
Northwest Territories,Real estate and rental and leasing,Investment,decrease,0,Q1 2024
Northwest Territories,"Professional, scientific and technical services",Employment,increase,0,Q1 2024
Northwest Territories,"Professional, scientific and technical services",Employment,stay about the same,0,Q1 2024
Northwest Territories,"Professional, scientific and technical services",Employment,decrease,0,Q1 2024
Northwest Territories,"Professional, scientific and technical services",Sales,increase,5.6,Q1 2024
Northwest Territories,"Professional, scientific and technical services",Sales,stay about the same,87.2,Q1 2024
Northwest Territories,"Professional, scientific and technical services",Sales,decrease,3.6,Q1 2024
Northwest Territories,"Professional, scientific and technical services",Profitability,increase,0,Q1 2024
Northwest Territories,"Professional, scientific and technical services",Profitability,stay about the same,0,Q1 2024
Northwest Territories,"Professional, scientific and technical services",Profitability,decrease,0,Q1 2024
Northwest Territories,"Professional, scientific and technical services",Investment,increase,0,Q1 2024
Northwest Territories,"Professional, scientific and technical services",Investment,stay about the same,0,Q1 2024
Northwest Territories,"Professional, scientific and technical services",Investment,decrease,3.5,Q1 2024
Northwest Territories,Health care and social assistance,Employment,increase,0,Q1 2024
Northwest Territories,Health care and social assistance,Employment,stay about the same,0,Q1 2024
Northwest Territories,Health care and social assistance,Employment,decrease,0,Q1 2024
Northwest Territories,Health care and social assistance,Sales,increase,0,Q1 2024
Northwest Territories,Health care and social assistance,Sales,stay about the same,0,Q1 2024
Northwest Territories,Health care and social assistance,Sales,decrease,0,Q1 2024
Northwest Territories,Health care and social assistance,Profitability,increase,0,Q1 2024
Northwest Territories,Health care and social assistance,Profitability,stay about the same,81.3,Q1 2024
Northwest Territories,Health care and social assistance,Profitability,decrease,14.9,Q1 2024
Northwest Territories,Health care and social assistance,Investment,increase,0,Q1 2024
Northwest Territories,Health care and social assistance,Investment,stay about the same,3.7,Q1 2024
Northwest Territories,Health care and social assistance,Investment,decrease,0,Q1 2024
Northwest Territories,"Arts, entertainment and recreation",Employment,increase,0,Q1 2024
Northwest Territories,"Arts, entertainment and recreation",Employment,stay about the same,100,Q1 2024
Northwest Territories,"Arts, entertainment and recreation",Employment,decrease,0,Q1 2024
Northwest Territories,"Arts, entertainment and recreation",Sales,increase,0,Q1 2024
Northwest Territories,"Arts, entertainment and recreation",Sales,stay about the same,80.3,Q1 2024
Northwest Territories,"Arts, entertainment and recreation",Sales,decrease,8.5,Q1 2024
Northwest Territories,"Arts, entertainment and recreation",Profitability,increase,0,Q1 2024
Northwest Territories,"Arts, entertainment and recreation",Profitability,stay about the same,80.3,Q1 2024
Northwest Territories,"Arts, entertainment and recreation",Profitability,decrease,8.5,Q1 2024
Northwest Territories,"Arts, entertainment and recreation",Investment,increase,0,Q1 2024
Northwest Territories,"Arts, entertainment and recreation",Investment,stay about the same,88.8,Q1 2024
Northwest Territories,"Arts, entertainment and recreation",Investment,decrease,0,Q1 2024
Northwest Territories,Accommodation and food services,Employment,increase,18.9,Q1 2024
Northwest Territories,Accommodation and food services,Employment,stay about the same,64.9,Q1 2024
Northwest Territories,Accommodation and food services,Employment,decrease,16.2,Q1 2024
Northwest Territories,Accommodation and food services,Sales,increase,21.6,Q1 2024
Northwest Territories,Accommodation and food services,Sales,stay about the same,21.4,Q1 2024
Northwest Territories,Accommodation and food services,Sales,decrease,0,Q1 2024
Northwest Territories,Accommodation and food services,Profitability,increase,16.4,Q1 2024
Northwest Territories,Accommodation and food services,Profitability,stay about the same,36.8,Q1 2024
Northwest Territories,Accommodation and food services,Profitability,decrease,0,Q1 2024
Northwest Territories,Accommodation and food services,Investment,increase,0,Q1 2024
Northwest Territories,Accommodation and food services,Investment,stay about the same,0,Q1 2024
Northwest Territories,Accommodation and food services,Investment,decrease,2.3,Q1 2024
Nunavut,"North American Industry Classification System (NAICS), all industries",Employment,increase,13.1,Q1 2024
Nunavut,"North American Industry Classification System (NAICS), all industries",Employment,stay about the same,78.9,Q1 2024
Nunavut,"North American Industry Classification System (NAICS), all industries",Employment,decrease,8.1,Q1 2024
Nunavut,"North American Industry Classification System (NAICS), all industries",Sales,increase,9.2,Q1 2024
Nunavut,"North American Industry Classification System (NAICS), all industries",Sales,stay about the same,75.7,Q1 2024
Nunavut,"North American Industry Classification System (NAICS), all industries",Sales,decrease,7.6,Q1 2024
Nunavut,"North American Industry Classification System (NAICS), all industries",Profitability,increase,6.4,Q1 2024
Nunavut,"North American Industry Classification System (NAICS), all industries",Profitability,stay about the same,64.2,Q1 2024
Nunavut,"North American Industry Classification System (NAICS), all industries",Profitability,decrease,20.5,Q1 2024
Nunavut,"North American Industry Classification System (NAICS), all industries",Investment,increase,7.7,Q1 2024
Nunavut,"North American Industry Classification System (NAICS), all industries",Investment,stay about the same,65,Q1 2024
Nunavut,"North American Industry Classification System (NAICS), all industries",Investment,decrease,3,Q1 2024
Nunavut,"Agriculture, forestry, fishing and hunting",Employment,increase,0,Q1 2024
Nunavut,"Agriculture, forestry, fishing and hunting",Employment,stay about the same,100,Q1 2024
Nunavut,"Agriculture, forestry, fishing and hunting",Employment,decrease,0,Q1 2024
Nunavut,"Agriculture, forestry, fishing and hunting",Sales,increase,0,Q1 2024
Nunavut,"Agriculture, forestry, fishing and hunting",Sales,stay about the same,100,Q1 2024
Nunavut,"Agriculture, forestry, fishing and hunting",Sales,decrease,0,Q1 2024
Nunavut,"Agriculture, forestry, fishing and hunting",Profitability,increase,0,Q1 2024
Nunavut,"Agriculture, forestry, fishing and hunting",Profitability,stay about the same,100,Q1 2024
Nunavut,"Agriculture, forestry, fishing and hunting",Profitability,decrease,0,Q1 2024
Nunavut,"Agriculture, forestry, fishing and hunting",Investment,increase,0,Q1 2024
Nunavut,"Agriculture, forestry, fishing and hunting",Investment,stay about the same,100,Q1 2024
Nunavut,"Agriculture, forestry, fishing and hunting",Investment,decrease,0,Q1 2024
Nunavut,"Mining, quarrying, and oil and gas extraction",Employment,increase,0,Q1 2024
Nunavut,"Mining, quarrying, and oil and gas extraction",Employment,stay about the same,0,Q1 2024
Nunavut,"Mining, quarrying, and oil and gas extraction",Employment,decrease,0,Q1 2024
Nunavut,"Mining, quarrying, and oil and gas extraction",Sales,increase,0,Q1 2024
Nunavut,"Mining, quarrying, and oil and gas extraction",Sales,stay about the same,0,Q1 2024
Nunavut,"Mining, quarrying, and oil and gas extraction",Sales,decrease,0,Q1 2024
Nunavut,"Mining, quarrying, and oil and gas extraction",Profitability,increase,0,Q1 2024
Nunavut,"Mining, quarrying, and oil and gas extraction",Profitability,stay about the same,0,Q1 2024
Nunavut,"Mining, quarrying, and oil and gas extraction",Profitability,decrease,0,Q1 2024
Nunavut,"Mining, quarrying, and oil and gas extraction",Investment,increase,0,Q1 2024
Nunavut,"Mining, quarrying, and oil and gas extraction",Investment,stay about the same,0,Q1 2024
Nunavut,"Mining, quarrying, and oil and gas extraction",Investment,decrease,0,Q1 2024
Nunavut,Construction,Employment,increase,6.2,Q1 2024
Nunavut,Construction,Employment,stay about the same,79.4,Q1 2024
Nunavut,Construction,Employment,decrease,14.4,Q1 2024
Nunavut,Construction,Sales,increase,2.2,Q1 2024
Nunavut,Construction,Sales,stay about the same,83.4,Q1 2024
Nunavut,Construction,Sales,decrease,14.4,Q1 2024
Nunavut,Construction,Profitability,increase,4,Q1 2024
Nunavut,Construction,Profitability,stay about the same,0,Q1 2024
Nunavut,Construction,Profitability,decrease,0,Q1 2024
Nunavut,Construction,Investment,increase,6.2,Q1 2024
Nunavut,Construction,Investment,stay about the same,0,Q1 2024
Nunavut,Construction,Investment,decrease,0,Q1 2024
Nunavut,Manufacturing,Employment,increase,0,Q1 2024
Nunavut,Manufacturing,Employment,stay about the same,100,Q1 2024
Nunavut,Manufacturing,Employment,decrease,0,Q1 2024
Nunavut,Manufacturing,Sales,increase,100,Q1 2024
Nunavut,Manufacturing,Sales,stay about the same,0,Q1 2024
Nunavut,Manufacturing,Sales,decrease,0,Q1 2024
Nunavut,Manufacturing,Profitability,increase,0,Q1 2024
Nunavut,Manufacturing,Profitability,stay about the same,100,Q1 2024
Nunavut,Manufacturing,Profitability,decrease,0,Q1 2024
Nunavut,Manufacturing,Investment,increase,100,Q1 2024
Nunavut,Manufacturing,Investment,stay about the same,0,Q1 2024
Nunavut,Manufacturing,Investment,decrease,0,Q1 2024
Nunavut,Wholesale trade,Employment,increase,0,Q1 2024
Nunavut,Wholesale trade,Employment,stay about the same,100,Q1 2024
Nunavut,Wholesale trade,Employment,decrease,0,Q1 2024
Nunavut,Wholesale trade,Sales,increase,0,Q1 2024
Nunavut,Wholesale trade,Sales,stay about the same,87.6,Q1 2024
Nunavut,Wholesale trade,Sales,decrease,12.4,Q1 2024
Nunavut,Wholesale trade,Profitability,increase,0,Q1 2024
Nunavut,Wholesale trade,Profitability,stay about the same,100,Q1 2024
Nunavut,Wholesale trade,Profitability,decrease,0,Q1 2024
Nunavut,Wholesale trade,Investment,increase,0,Q1 2024
Nunavut,Wholesale trade,Investment,stay about the same,87.6,Q1 2024
Nunavut,Wholesale trade,Investment,decrease,0,Q1 2024
Nunavut,Retail trade,Employment,increase,21.6,Q1 2024
Nunavut,Retail trade,Employment,stay about the same,67.6,Q1 2024
Nunavut,Retail trade,Employment,decrease,10.8,Q1 2024
Nunavut,Retail trade,Sales,increase,12.9,Q1 2024
Nunavut,Retail trade,Sales,stay about the same,87.1,Q1 2024
Nunavut,Retail trade,Sales,decrease,0,Q1 2024
Nunavut,Retail trade,Profitability,increase,6.7,Q1 2024
Nunavut,Retail trade,Profitability,stay about the same,79.5,Q1 2024
Nunavut,Retail trade,Profitability,decrease,13.8,Q1 2024
Nunavut,Retail trade,Investment,increase,9.8,Q1 2024
Nunavut,Retail trade,Investment,stay about the same,72.1,Q1 2024
Nunavut,Retail trade,Investment,decrease,0,Q1 2024
Nunavut,Transportation and warehousing,Employment,increase,0,Q1 2024
Nunavut,Transportation and warehousing,Employment,stay about the same,100,Q1 2024
Nunavut,Transportation and warehousing,Employment,decrease,0,Q1 2024
Nunavut,Transportation and warehousing,Sales,increase,2.8,Q1 2024
Nunavut,Transportation and warehousing,Sales,stay about the same,97.2,Q1 2024
Nunavut,Transportation and warehousing,Sales,decrease,0,Q1 2024
Nunavut,Transportation and warehousing,Profitability,increase,0,Q1 2024
Nunavut,Transportation and warehousing,Profitability,stay about the same,75.7,Q1 2024
Nunavut,Transportation and warehousing,Profitability,decrease,24.3,Q1 2024
Nunavut,Transportation and warehousing,Investment,increase,0,Q1 2024
Nunavut,Transportation and warehousing,Investment,stay about the same,97.2,Q1 2024
Nunavut,Transportation and warehousing,Investment,decrease,0,Q1 2024
Nunavut,Finance and insurance,Employment,increase,0,Q1 2024
Nunavut,Finance and insurance,Employment,stay about the same,100,Q1 2024
Nunavut,Finance and insurance,Employment,decrease,0,Q1 2024
Nunavut,Finance and insurance,Sales,increase,0,Q1 2024
Nunavut,Finance and insurance,Sales,stay about the same,100,Q1 2024
Nunavut,Finance and insurance,Sales,decrease,0,Q1 2024
Nunavut,Finance and insurance,Profitability,increase,88.5,Q1 2024
Nunavut,Finance and insurance,Profitability,stay about the same,11.5,Q1 2024
Nunavut,Finance and insurance,Profitability,decrease,0,Q1 2024
Nunavut,Finance and insurance,Investment,increase,0,Q1 2024
Nunavut,Finance and insurance,Investment,stay about the same,11.5,Q1 2024
Nunavut,Finance and insurance,Investment,decrease,0,Q1 2024
Nunavut,Real estate and rental and leasing,Employment,increase,0,Q1 2024
Nunavut,Real estate and rental and leasing,Employment,stay about the same,0,Q1 2024
Nunavut,Real estate and rental and leasing,Employment,decrease,0,Q1 2024
Nunavut,Real estate and rental and leasing,Sales,increase,0,Q1 2024
Nunavut,Real estate and rental and leasing,Sales,stay about the same,0,Q1 2024
Nunavut,Real estate and rental and leasing,Sales,decrease,0,Q1 2024
Nunavut,Real estate and rental and leasing,Profitability,increase,0,Q1 2024
Nunavut,Real estate and rental and leasing,Profitability,stay about the same,0,Q1 2024
Nunavut,Real estate and rental and leasing,Profitability,decrease,0,Q1 2024
Nunavut,Real estate and rental and leasing,Investment,increase,0,Q1 2024
Nunavut,Real estate and rental and leasing,Investment,stay about the same,100,Q1 2024
Nunavut,Real estate and rental and leasing,Investment,decrease,0,Q1 2024
Nunavut,"Professional, scientific and technical services",Employment,increase,8.5,Q1 2024
Nunavut,"Professional, scientific and technical services",Employment,stay about the same,86.4,Q1 2024
Nunavut,"Professional, scientific and technical services",Employment,decrease,5,Q1 2024
Nunavut,"Professional, scientific and technical services",Sales,increase,28.2,Q1 2024
Nunavut,"Professional, scientific and technical services",Sales,stay about the same,71.8,Q1 2024
Nunavut,"Professional, scientific and technical services",Sales,decrease,0,Q1 2024
Nunavut,"Professional, scientific and technical services",Profitability,increase,0,Q1 2024
Nunavut,"Professional, scientific and technical services",Profitability,stay about the same,67.5,Q1 2024
Nunavut,"Professional, scientific and technical services",Profitability,decrease,32.5,Q1 2024
Nunavut,"Professional, scientific and technical services",Investment,increase,0,Q1 2024
Nunavut,"Professional, scientific and technical services",Investment,stay about the same,58.4,Q1 2024
Nunavut,"Professional, scientific and technical services",Investment,decrease,13.4,Q1 2024
Nunavut,Health care and social assistance,Employment,increase,0,Q1 2024
Nunavut,Health care and social assistance,Employment,stay about the same,0,Q1 2024
Nunavut,Health care and social assistance,Employment,decrease,12.8,Q1 2024
Nunavut,Health care and social assistance,Sales,increase,0,Q1 2024
Nunavut,Health care and social assistance,Sales,stay about the same,36.8,Q1 2024
Nunavut,Health care and social assistance,Sales,decrease,0,Q1 2024
Nunavut,Health care and social assistance,Profitability,increase,2.7,Q1 2024
Nunavut,Health care and social assistance,Profitability,stay about the same,25,Q1 2024
Nunavut,Health care and social assistance,Profitability,decrease,0,Q1 2024
Nunavut,Health care and social assistance,Investment,increase,12.8,Q1 2024
Nunavut,Health care and social assistance,Investment,stay about the same,0,Q1 2024
Nunavut,Health care and social assistance,Investment,decrease,0,Q1 2024
Nunavut,"Arts, entertainment and recreation",Employment,increase,0,Q1 2024
Nunavut,"Arts, entertainment and recreation",Employment,stay about the same,0,Q1 2024
Nunavut,"Arts, entertainment and recreation",Employment,decrease,0,Q1 2024
Nunavut,"Arts, entertainment and recreation",Sales,increase,0,Q1 2024
Nunavut,"Arts, entertainment and recreation",Sales,stay about the same,0,Q1 2024
Nunavut,"Arts, entertainment and recreation",Sales,decrease,0,Q1 2024
Nunavut,"Arts, entertainment and recreation",Profitability,increase,0,Q1 2024
Nunavut,"Arts, entertainment and recreation",Profitability,stay about the same,0,Q1 2024
Nunavut,"Arts, entertainment and recreation",Profitability,decrease,0,Q1 2024
Nunavut,"Arts, entertainment and recreation",Investment,increase,0,Q1 2024
Nunavut,"Arts, entertainment and recreation",Investment,stay about the same,0,Q1 2024
Nunavut,"Arts, entertainment and recreation",Investment,decrease,0,Q1 2024
Nunavut,Accommodation and food services,Employment,increase,0,Q1 2024
Nunavut,Accommodation and food services,Employment,stay about the same,100,Q1 2024
Nunavut,Accommodation and food services,Employment,decrease,0,Q1 2024
Nunavut,Accommodation and food services,Sales,increase,3.3,Q1 2024
Nunavut,Accommodation and food services,Sales,stay about the same,96.7,Q1 2024
Nunavut,Accommodation and food services,Sales,decrease,0,Q1 2024
Nunavut,Accommodation and food services,Profitability,increase,3.3,Q1 2024
Nunavut,Accommodation and food services,Profitability,stay about the same,76.6,Q1 2024
Nunavut,Accommodation and food services,Profitability,decrease,20,Q1 2024
Nunavut,Accommodation and food services,Investment,increase,7.4,Q1 2024
Nunavut,Accommodation and food services,Investment,stay about the same,76.3,Q1 2024
Nunavut,Accommodation and food services,Investment,decrease,13,Q1 2024
